Program,Nazwa.peptydu,Decyzja,Prawdopodobie≈Ñstwo
ADAM-SVM,DBAMP01779,TRUE,NA
ADAM-SVM,DBAMP11786,TRUE,NA
ADAM-SVM,DBAMP00990,TRUE,NA
ADAM-SVM,DBAMP02059,TRUE,NA
ADAM-SVM,DBAMP04824,TRUE,NA
ADAM-SVM,DBAMP02137,TRUE,NA
ADAM-SVM,DBAMP01808,TRUE,NA
ADAM-SVM,DBAMP05248,TRUE,NA
ADAM-SVM,DBAMP01768,TRUE,NA
ADAM-SVM,DBAMP02002,TRUE,NA
ADAM-SVM,DBAMP03284,FALSE,NA
ADAM-SVM,DBAMP09683,TRUE,NA
ADAM-SVM,DBAMP03274,TRUE,NA
ADAM-SVM,DBAMP01708,TRUE,NA
ADAM-SVM,DBAMP11270,TRUE,NA
ADAM-SVM,DBAMP02132,TRUE,NA
ADAM-SVM,DBAMP02997,TRUE,NA
ADAM-SVM,DBAMP02187,TRUE,NA
ADAM-SVM,DBAMP01263,TRUE,NA
ADAM-SVM,DBAMP01883,TRUE,NA
ADAM-SVM,DBAMP01774,TRUE,NA
ADAM-SVM,DBAMP02190,TRUE,NA
ADAM-SVM,DBAMP04121,TRUE,NA
ADAM-SVM,DBAMP04457,TRUE,NA
ADAM-SVM,DBAMP03496,TRUE,NA
ADAM-SVM,DBAMP04195,TRUE,NA
ADAM-SVM,DBAMP02655,TRUE,NA
ADAM-SVM,DBAMP02326,TRUE,NA
ADAM-SVM,DBAMP04799,TRUE,NA
ADAM-SVM,DBAMP02101,TRUE,NA
ADAM-SVM,DBAMP02703,TRUE,NA
ADAM-SVM,DBAMP02596,TRUE,NA
ADAM-SVM,DBAMP01821,TRUE,NA
ADAM-SVM,DBAMP01850,TRUE,NA
ADAM-SVM,DBAMP04358,TRUE,NA
ADAM-SVM,DBAMP05035,TRUE,NA
ADAM-SVM,DBAMP01227,TRUE,NA
ADAM-SVM,DBAMP00502,TRUE,NA
ADAM-SVM,DBAMP02268,TRUE,NA
ADAM-SVM,DBAMP02136,TRUE,NA
ADAM-SVM,DBAMP00301,TRUE,NA
ADAM-SVM,DBAMP04980,FALSE,NA
ADAM-SVM,DBAMP10563,TRUE,NA
ADAM-SVM,DBAMP02091,TRUE,NA
ADAM-SVM,DBAMP10018,FALSE,NA
ADAM-SVM,DBAMP05096,FALSE,NA
ADAM-SVM,DBAMP03283,TRUE,NA
ADAM-SVM,DBAMP02711,TRUE,NA
ADAM-SVM,DBAMP11047,FALSE,NA
ADAM-SVM,DBAMP02224,TRUE,NA
ADAM-SVM,DBAMP10199,TRUE,NA
ADAM-SVM,DBAMP02105,TRUE,NA
ADAM-SVM,DBAMP00730,TRUE,NA
ADAM-SVM,DBAMP04321,TRUE,NA
ADAM-SVM,DBAMP02708,TRUE,NA
ADAM-SVM,DBAMP01652,TRUE,NA
ADAM-SVM,DBAMP02682,TRUE,NA
ADAM-SVM,DBAMP02129,TRUE,NA
ADAM-SVM,DBAMP00956,TRUE,NA
ADAM-SVM,DBAMP00677,TRUE,NA
ADAM-SVM,DBAMP04904,TRUE,NA
ADAM-SVM,DBAMP02825,TRUE,NA
ADAM-SVM,DBAMP04382,TRUE,NA
ADAM-SVM,DBAMP09967,TRUE,NA
ADAM-SVM,DBAMP03640,TRUE,NA
ADAM-SVM,DBAMP00571,FALSE,NA
ADAM-SVM,DBAMP02082,TRUE,NA
ADAM-SVM,DBAMP02636,TRUE,NA
ADAM-SVM,DBAMP01657,TRUE,NA
ADAM-SVM,DBAMP00291,TRUE,NA
ADAM-SVM,DBAMP00696,FALSE,NA
ADAM-SVM,DBAMP04096,TRUE,NA
ADAM-SVM,DBAMP03792,TRUE,NA
ADAM-SVM,DBAMP01658,TRUE,NA
ADAM-SVM,DBAMP01941,TRUE,NA
ADAM-SVM,DBAMP04117,FALSE,NA
ADAM-SVM,DBAMP12373,TRUE,NA
ADAM-SVM,DBAMP02728,TRUE,NA
ADAM-SVM,DBAMP02242,TRUE,NA
ADAM-SVM,DBAMP01654,TRUE,NA
ADAM-SVM,DBAMP09730,TRUE,NA
ADAM-SVM,DBAMP12355,TRUE,NA
ADAM-SVM,DBAMP01914,TRUE,NA
ADAM-SVM,DBAMP03898,TRUE,NA
ADAM-SVM,DBAMP01704,TRUE,NA
ADAM-SVM,DBAMP02960,TRUE,NA
ADAM-SVM,DBAMP04722,TRUE,NA
ADAM-SVM,DBAMP02400,TRUE,NA
ADAM-SVM,DBAMP12383,TRUE,NA
ADAM-SVM,DBAMP04309,TRUE,NA
ADAM-SVM,DBAMP05294,FALSE,NA
ADAM-SVM,DBAMP00438,FALSE,NA
ADAM-SVM,DBAMP02053,TRUE,NA
ADAM-SVM,DBAMP00896,TRUE,NA
ADAM-SVM,DBAMP01610,TRUE,NA
ADAM-SVM,DBAMP10501,TRUE,NA
ADAM-SVM,DBAMP09865,TRUE,NA
ADAM-SVM,DBAMP04237,TRUE,NA
ADAM-SVM,DBAMP01501,TRUE,NA
ADAM-SVM,DBAMP11756,TRUE,NA
ADAM-SVM,DBAMP04826,TRUE,NA
ADAM-SVM,DBAMP11158,TRUE,NA
ADAM-SVM,DBAMP09693,TRUE,NA
ADAM-SVM,DBAMP11722,TRUE,NA
ADAM-SVM,DBAMP03046,TRUE,NA
ADAM-SVM,DBAMP03163,TRUE,NA
ADAM-SVM,DBAMP01265,TRUE,NA
ADAM-SVM,DBAMP01140,TRUE,NA
ADAM-SVM,DBAMP11109,TRUE,NA
ADAM-SVM,DBAMP03688,TRUE,NA
ADAM-SVM,DBAMP04377,TRUE,NA
ADAM-SVM,DBAMP09060,FALSE,NA
ADAM-SVM,DBAMP03101,TRUE,NA
ADAM-SVM,DBAMP00174,TRUE,NA
ADAM-SVM,DBAMP01733,TRUE,NA
ADAM-SVM,DBAMP03459,TRUE,NA
ADAM-SVM,DBAMP03821,TRUE,NA
ADAM-SVM,DBAMP04183,TRUE,NA
ADAM-SVM,DBAMP11615,TRUE,NA
ADAM-SVM,DBAMP00818,TRUE,NA
ADAM-SVM,DBAMP03977,TRUE,NA
ADAM-SVM,DBAMP04042,TRUE,NA
ADAM-SVM,DBAMP00369,TRUE,NA
ADAM-SVM,DBAMP02786,TRUE,NA
ADAM-SVM,DBAMP11288,TRUE,NA
ADAM-SVM,DBAMP00081,TRUE,NA
ADAM-SVM,DBAMP00819,TRUE,NA
ADAM-SVM,DBAMP09718,TRUE,NA
ADAM-SVM,DBAMP04424,FALSE,NA
ADAM-SVM,DBAMP11417,TRUE,NA
ADAM-SVM,DBAMP04285,TRUE,NA
ADAM-SVM,DBAMP04830,TRUE,NA
ADAM-SVM,DBAMP03042,TRUE,NA
ADAM-SVM,DBAMP04328,TRUE,NA
ADAM-SVM,DBAMP03671,TRUE,NA
ADAM-SVM,DBAMP03861,TRUE,NA
ADAM-SVM,DBAMP00784,TRUE,NA
ADAM-SVM,DBAMP02340,TRUE,NA
ADAM-SVM,DBAMP03673,TRUE,NA
ADAM-SVM,DBAMP10739,TRUE,NA
ADAM-SVM,DBAMP10810,TRUE,NA
ADAM-SVM,DBAMP00815,TRUE,NA
ADAM-SVM,DBAMP00124,TRUE,NA
ADAM-SVM,DBAMP03879,TRUE,NA
ADAM-SVM,DBAMP02763,TRUE,NA
ADAM-SVM,DBAMP04386,TRUE,NA
ADAM-SVM,DBAMP10969,TRUE,NA
ADAM-SVM,DBAMP05788,FALSE,NA
ADAM-SVM,DBAMP04118,TRUE,NA
ADAM-SVM,DBAMP10732,FALSE,NA
ADAM-SVM,DBAMP04612,TRUE,NA
ADAM-SVM,DBAMP04986,TRUE,NA
ADAM-SVM,DBAMP09029,TRUE,NA
ADAM-SVM,DBAMP00247,TRUE,NA
ADAM-SVM,DBAMP12379,TRUE,NA
ADAM-SVM,DBAMP05296,TRUE,NA
ADAM-SVM,DBAMP04218,TRUE,NA
ADAM-SVM,DBAMP00437,TRUE,NA
ADAM-SVM,DBAMP09925,TRUE,NA
ADAM-SVM,DBAMP11928,TRUE,NA
ADAM-SVM,DBAMP06215,TRUE,NA
ADAM-SVM,DBAMP11911,TRUE,NA
ADAM-SVM,DBAMP10571,TRUE,NA
ADAM-SVM,DBAMP10790,TRUE,NA
ADAM-SVM,DBAMP08943,TRUE,NA
ADAM-SVM,DBAMP02872,TRUE,NA
ADAM-SVM,DBAMP04006,TRUE,NA
ADAM-SVM,DBAMP09669,TRUE,NA
ADAM-SVM,DBAMP02857,TRUE,NA
ADAM-SVM,DBAMP00045,TRUE,NA
ADAM-SVM,DBAMP00600,TRUE,NA
ADAM-SVM,DBAMP04521,TRUE,NA
ADAM-SVM,DBAMP00973,FALSE,NA
ADAM-SVM,DBAMP10713,TRUE,NA
ADAM-SVM,DBAMP01096,TRUE,NA
ADAM-SVM,DBAMP00311,TRUE,NA
ADAM-SVM,DBAMP06032,TRUE,NA
ADAM-SVM,DBAMP05326,TRUE,NA
ADAM-SVM,DBAMP12376,FALSE,NA
ADAM-SVM,DBAMP05643,TRUE,NA
ADAM-SVM,DBAMP01397,TRUE,NA
ADAM-SVM,DBAMP10462,TRUE,NA
ADAM-SVM,DBAMP00132,FALSE,NA
ADAM-SVM,DBAMP09824,TRUE,NA
ADAM-SVM,DBAMP09761,TRUE,NA
ADAM-SVM,DBAMP01647,FALSE,NA
ADAM-SVM,DBAMP01030,TRUE,NA
ADAM-SVM,DBAMP01071,TRUE,NA
ADAM-SVM,DBAMP04410,TRUE,NA
ADAM-SVM,DBAMP05777,FALSE,NA
ADAM-SVM,DBAMP00446,TRUE,NA
ADAM-SVM,DBAMP01650,TRUE,NA
ADAM-SVM,DBAMP02772,TRUE,NA
ADAM-SVM,DBAMP10931,FALSE,NA
ADAM-SVM,DBAMP09705,TRUE,NA
ADAM-SVM,DBAMP05344,TRUE,NA
ADAM-SVM,DBAMP02838,TRUE,NA
ADAM-SVM,DBAMP12270,TRUE,NA
ADAM-SVM,DBAMP12385,TRUE,NA
ADAM-SVM,DBAMP01287,TRUE,NA
ADAM-SVM,DBAMP00701,TRUE,NA
ADAM-SVM,DBAMP06811,FALSE,NA
ADAM-SVM,DBAMP07790,FALSE,NA
ADAM-SVM,DBAMP09002,TRUE,NA
ADAM-SVM,DBAMP12225,TRUE,NA
ADAM-SVM,DBAMP00043,TRUE,NA
ADAM-SVM,DBAMP09573,FALSE,NA
ADAM-SVM,DBAMP10661,TRUE,NA
ADAM-SVM,DBAMP09350,TRUE,NA
ADAM-SVM,DBAMP12368,FALSE,NA
ADAM-SVM,DBAMP09347,FALSE,NA
ADAM-SVM,DBAMP10071,FALSE,NA
ADAM-SVM,DBAMP05768,TRUE,NA
ADAM-SVM,DBAMP00286,TRUE,NA
ADAM-SVM,DBAMP09349,TRUE,NA
ADAM-SVM,DBAMP11549,FALSE,NA
ADAM-SVM,DBAMP09320,FALSE,NA
ADAM-SVM,DBAMP05609,TRUE,NA
ADAM-SVM,DBAMP09451,FALSE,NA
ADAM-SVM,DBAMP00585,FALSE,NA
ADAM-SVM,DBAMP04869,TRUE,NA
ADAM-SVM,DBAMP08936,FALSE,NA
ADAM-SVM,DBAMP09258,TRUE,NA
ADAM-SVM,DBAMP04054,FALSE,NA
ADAM-SVM,DBAMP00731,TRUE,NA
ADAM-SVM,DBAMP06151,TRUE,NA
ADAM-SVM,DBAMP09026,TRUE,NA
ADAM-SVM,DBAMP10093,FALSE,NA
ADAM-SVM,DBAMP05267,FALSE,NA
ADAM-SVM,DBAMP11143,FALSE,NA
ADAM-SVM,DBAMP06507,FALSE,NA
ADAM-SVM,DBAMP04511,FALSE,NA
ADAM-SVM,DBAMP04958,TRUE,NA
ADAM-SVM,DBAMP06081,TRUE,NA
ADAM-SVM,DBAMP06789,FALSE,NA
ADAM-SVM,DBAMP11215,TRUE,NA
ADAM-SVM,DBAMP06264,TRUE,NA
ADAM-SVM,DBAMP02521,TRUE,NA
ADAM-SVM,DBAMP09715,FALSE,NA
ADAM-SVM,DBAMP00436,FALSE,NA
ADAM-SVM,DBAMP07242,TRUE,NA
ADAM-SVM,DBAMP08928,FALSE,NA
ADAM-SVM,DBAMP11141,TRUE,NA
ADAM-SVM,DBAMP12370,FALSE,NA
ADAM-SVM,DBAMP09078,TRUE,NA
ADAM-SVM,DBAMP09043,TRUE,NA
ADAM-SVM,DBAMP07432,FALSE,NA
ADAM-SVM,CUTTED257,TRUE,NA
ADAM-SVM,CUTTED577,FALSE,NA
ADAM-SVM,CUTTED1087,TRUE,NA
ADAM-SVM,CUTTED758,FALSE,NA
ADAM-SVM,CUTTED2334,TRUE,NA
ADAM-SVM,CUTTED1739,TRUE,NA
ADAM-SVM,CUTTED125,FALSE,NA
ADAM-SVM,CUTTED970,TRUE,NA
ADAM-SVM,CUTTED1916,TRUE,NA
ADAM-SVM,CUTTED1749,TRUE,NA
ADAM-SVM,CUTTED232,TRUE,NA
ADAM-SVM,CUTTED2319,TRUE,NA
ADAM-SVM,CUTTED176,TRUE,NA
ADAM-SVM,CUTTED2147,TRUE,NA
ADAM-SVM,CUTTED805,TRUE,NA
ADAM-SVM,CUTTED266,TRUE,NA
ADAM-SVM,CUTTED2166,TRUE,NA
ADAM-SVM,CUTTED1592,TRUE,NA
ADAM-SVM,CUTTED1123,TRUE,NA
ADAM-SVM,CUTTED454,TRUE,NA
ADAM-SVM,CUTTED980,TRUE,NA
ADAM-SVM,CUTTED858,TRUE,NA
ADAM-SVM,CUTTED1189,TRUE,NA
ADAM-SVM,CUTTED1385,FALSE,NA
ADAM-SVM,CUTTED1766,FALSE,NA
ADAM-SVM,CUTTED2091,TRUE,NA
ADAM-SVM,CUTTED1659,TRUE,NA
ADAM-SVM,CUTTED718,TRUE,NA
ADAM-SVM,CUTTED1020,FALSE,NA
ADAM-SVM,CUTTED953,TRUE,NA
ADAM-SVM,CUTTED1689,TRUE,NA
ADAM-SVM,CUTTED2188,TRUE,NA
ADAM-SVM,CUTTED214,TRUE,NA
ADAM-SVM,CUTTED288,TRUE,NA
ADAM-SVM,CUTTED95,TRUE,NA
ADAM-SVM,CUTTED1373,FALSE,NA
ADAM-SVM,CUTTED1483,FALSE,NA
ADAM-SVM,CUTTED2390,TRUE,NA
ADAM-SVM,CUTTED1915,FALSE,NA
ADAM-SVM,CUTTED2199,FALSE,NA
ADAM-SVM,CUTTED1348,TRUE,NA
ADAM-SVM,CUTTED375,TRUE,NA
ADAM-SVM,CUTTED1335,TRUE,NA
ADAM-SVM,CUTTED1079,TRUE,NA
ADAM-SVM,CUTTED392,TRUE,NA
ADAM-SVM,CUTTED2343,FALSE,NA
ADAM-SVM,CUTTED333,TRUE,NA
ADAM-SVM,CUTTED864,TRUE,NA
ADAM-SVM,CUTTED1106,TRUE,NA
ADAM-SVM,CUTTED1273,FALSE,NA
ADAM-SVM,CUTTED696,FALSE,NA
ADAM-SVM,CUTTED2225,TRUE,NA
ADAM-SVM,CUTTED46,TRUE,NA
ADAM-SVM,CUTTED842,FALSE,NA
ADAM-SVM,CUTTED1030,FALSE,NA
ADAM-SVM,CUTTED410,FALSE,NA
ADAM-SVM,CUTTED969,TRUE,NA
ADAM-SVM,CUTTED1731,FALSE,NA
ADAM-SVM,CUTTED2135,FALSE,NA
ADAM-SVM,CUTTED1944,TRUE,NA
ADAM-SVM,CUTTED1208,TRUE,NA
ADAM-SVM,CUTTED348,TRUE,NA
ADAM-SVM,CUTTED645,TRUE,NA
ADAM-SVM,CUTTED1298,TRUE,NA
ADAM-SVM,CUTTED426,FALSE,NA
ADAM-SVM,CUTTED850,TRUE,NA
ADAM-SVM,CUTTED1747,TRUE,NA
ADAM-SVM,CUTTED515,FALSE,NA
ADAM-SVM,CUTTED2063,FALSE,NA
ADAM-SVM,CUTTED2203,FALSE,NA
ADAM-SVM,CUTTED1065,TRUE,NA
ADAM-SVM,CUTTED749,TRUE,NA
ADAM-SVM,CUTTED1146,FALSE,NA
ADAM-SVM,CUTTED752,TRUE,NA
ADAM-SVM,CUTTED690,FALSE,NA
ADAM-SVM,CUTTED1282,TRUE,NA
ADAM-SVM,CUTTED1276,FALSE,NA
ADAM-SVM,CUTTED2067,FALSE,NA
ADAM-SVM,CUTTED637,TRUE,NA
ADAM-SVM,CUTTED2048,FALSE,NA
ADAM-SVM,CUTTED651,TRUE,NA
ADAM-SVM,CUTTED1847,TRUE,NA
ADAM-SVM,CUTTED1049,FALSE,NA
ADAM-SVM,CUTTED1992,TRUE,NA
ADAM-SVM,CUTTED1321,FALSE,NA
ADAM-SVM,CUTTED1732,TRUE,NA
ADAM-SVM,CUTTED1644,FALSE,NA
ADAM-SVM,CUTTED92,FALSE,NA
ADAM-SVM,CUTTED275,TRUE,NA
ADAM-SVM,CUTTED309,TRUE,NA
ADAM-SVM,CUTTED644,TRUE,NA
ADAM-SVM,CUTTED385,FALSE,NA
ADAM-SVM,CUTTED286,FALSE,NA
ADAM-SVM,CUTTED1688,FALSE,NA
ADAM-SVM,CUTTED1356,FALSE,NA
ADAM-SVM,CUTTED244,FALSE,NA
ADAM-SVM,CUTTED489,TRUE,NA
ADAM-SVM,CUTTED677,FALSE,NA
ADAM-SVM,CUTTED1493,TRUE,NA
ADAM-SVM,CUTTED1159,FALSE,NA
ADAM-SVM,CUTTED1066,TRUE,NA
ADAM-SVM,CUTTED1637,FALSE,NA
ADAM-SVM,CUTTED2383,FALSE,NA
ADAM-SVM,CUTTED788,TRUE,NA
ADAM-SVM,CUTTED837,TRUE,NA
ADAM-SVM,CUTTED548,FALSE,NA
ADAM-SVM,CUTTED41,TRUE,NA
ADAM-SVM,CUTTED1776,FALSE,NA
ADAM-SVM,CUTTED423,FALSE,NA
ADAM-SVM,CUTTED1812,TRUE,NA
ADAM-SVM,CUTTED2227,FALSE,NA
ADAM-SVM,CUTTED2396,TRUE,NA
ADAM-SVM,CUTTED293,FALSE,NA
ADAM-SVM,CUTTED280,FALSE,NA
ADAM-SVM,CUTTED477,FALSE,NA
ADAM-SVM,CUTTED172,FALSE,NA
ADAM-SVM,CUTTED2079,FALSE,NA
ADAM-SVM,CUTTED1399,FALSE,NA
ADAM-SVM,CUTTED389,FALSE,NA
ADAM-SVM,CUTTED972,FALSE,NA
ADAM-SVM,CUTTED2194,FALSE,NA
ADAM-SVM,CUTTED2123,FALSE,NA
ADAM-SVM,CUTTED121,TRUE,NA
ADAM-SVM,CUTTED1643,TRUE,NA
ADAM-SVM,CUTTED1075,FALSE,NA
ADAM-SVM,CUTTED1547,TRUE,NA
ADAM-SVM,CUTTED2093,FALSE,NA
ADAM-SVM,CUTTED871,TRUE,NA
ADAM-SVM,CUTTED1614,FALSE,NA
ADAM-SVM,CUTTED2232,FALSE,NA
ADAM-SVM,CUTTED1299,TRUE,NA
ADAM-SVM,CUTTED1861,FALSE,NA
ADAM-SVM,CUTTED1297,FALSE,NA
ADAM-SVM,CUTTED1463,TRUE,NA
ADAM-SVM,CUTTED895,FALSE,NA
ADAM-SVM,CUTTED1324,FALSE,NA
ADAM-SVM,CUTTED713,FALSE,NA
ADAM-SVM,CUTTED2153,TRUE,NA
ADAM-SVM,CUTTED1718,TRUE,NA
ADAM-SVM,CUTTED1443,FALSE,NA
ADAM-SVM,CUTTED338,FALSE,NA
ADAM-SVM,CUTTED602,FALSE,NA
ADAM-SVM,CUTTED2023,TRUE,NA
ADAM-SVM,CUTTED245,TRUE,NA
ADAM-SVM,CUTTED1957,FALSE,NA
ADAM-SVM,CUTTED894,FALSE,NA
ADAM-SVM,CUTTED421,TRUE,NA
ADAM-SVM,CUTTED1043,FALSE,NA
ADAM-SVM,CUTTED2271,TRUE,NA
ADAM-SVM,CUTTED404,FALSE,NA
ADAM-SVM,CUTTED2246,FALSE,NA
ADAM-SVM,CUTTED2450,FALSE,NA
ADAM-SVM,CUTTED1833,FALSE,NA
ADAM-SVM,CUTTED1366,FALSE,NA
ADAM-SVM,CUTTED2150,FALSE,NA
ADAM-SVM,CUTTED2262,FALSE,NA
ADAM-SVM,CUTTED1408,FALSE,NA
ADAM-SVM,CUTTED2010,TRUE,NA
ADAM-SVM,CUTTED2357,TRUE,NA
ADAM-SVM,CUTTED1091,FALSE,NA
ADAM-SVM,CUTTED308,FALSE,NA
ADAM-SVM,CUTTED2122,FALSE,NA
ADAM-SVM,CUTTED1099,FALSE,NA
ADAM-SVM,CUTTED1818,FALSE,NA
ADAM-SVM,CUTTED13,FALSE,NA
ADAM-SVM,CUTTED869,FALSE,NA
ADAM-SVM,CUTTED1464,TRUE,NA
ADAM-SVM,CUTTED501,FALSE,NA
ADAM-SVM,CUTTED253,FALSE,NA
ADAM-SVM,CUTTED1546,FALSE,NA
ADAM-SVM,CUTTED1177,FALSE,NA
ADAM-SVM,CUTTED2241,TRUE,NA
ADAM-SVM,CUTTED1700,FALSE,NA
ADAM-SVM,CUTTED2315,FALSE,NA
ADAM-SVM,CUTTED2005,FALSE,NA
ADAM-SVM,CUTTED755,FALSE,NA
ADAM-SVM,CUTTED1906,FALSE,NA
ADAM-SVM,CUTTED2084,FALSE,NA
ADAM-SVM,CUTTED2041,FALSE,NA
ADAM-SVM,CUTTED1402,FALSE,NA
ADAM-SVM,CUTTED2314,FALSE,NA
ADAM-SVM,CUTTED2046,TRUE,NA
ADAM-SVM,CUTTED1617,TRUE,NA
ADAM-SVM,CUTTED402,FALSE,NA
ADAM-SVM,CUTTED461,FALSE,NA
ADAM-SVM,CUTTED2031,FALSE,NA
ADAM-SVM,CUTTED2016,FALSE,NA
ADAM-SVM,CUTTED117,FALSE,NA
ADAM-SVM,CUTTED1800,TRUE,NA
ADAM-SVM,CUTTED1719,FALSE,NA
ADAM-SVM,CUTTED1953,FALSE,NA
ADAM-SVM,CUTTED1218,FALSE,NA
ADAM-SVM,CUTTED613,TRUE,NA
ADAM-SVM,CUTTED1448,FALSE,NA
ADAM-SVM,CUTTED2323,FALSE,NA
ADAM-SVM,CUTTED1103,FALSE,NA
ADAM-SVM,CUTTED195,FALSE,NA
ADAM-SVM,CUTTED615,TRUE,NA
ADAM-SVM,CUTTED2413,FALSE,NA
ADAM-SVM,CUTTED1326,FALSE,NA
ADAM-SVM,CUTTED1454,FALSE,NA
ADAM-SVM,CUTTED191,FALSE,NA
ADAM-SVM,CUTTED965,FALSE,NA
ADAM-SVM,CUTTED1462,FALSE,NA
ADAM-SVM,CUTTED744,FALSE,NA
ADAM-SVM,CUTTED173,FALSE,NA
ADAM-SVM,CUTTED841,FALSE,NA
ADAM-SVM,CUTTED110,TRUE,NA
ADAM-SVM,CUTTED893,FALSE,NA
ADAM-SVM,CUTTED1235,FALSE,NA
ADAM-SVM,CUTTED2081,FALSE,NA
ADAM-SVM,CUTTED1851,TRUE,NA
ADAM-SVM,CUTTED2409,FALSE,NA
ADAM-SVM,CUTTED2116,FALSE,NA
ADAM-SVM,CUTTED1683,FALSE,NA
ADAM-SVM,CUTTED561,FALSE,NA
ADAM-SVM,CUTTED2174,FALSE,NA
ADAM-SVM,CUTTED364,FALSE,NA
ADAM-SVM,CUTTED10,FALSE,NA
ADAM-SVM,CUTTED2391,FALSE,NA
ADAM-SVM,CUTTED1761,FALSE,NA
ADAM-SVM,CUTTED2028,FALSE,NA
ADAM-SVM,CUTTED1152,FALSE,NA
ADAM-SVM,CUTTED2433,TRUE,NA
ADAM-SVM,CUTTED164,FALSE,NA
ADAM-SVM,CUTTED405,TRUE,NA
ADAM-SVM,CUTTED111,FALSE,NA
ADAM-SVM,CUTTED771,TRUE,NA
ADAM-SVM,CUTTED791,FALSE,NA
ADAM-SVM,CUTTED1002,FALSE,NA
ADAM-SVM,CUTTED263,FALSE,NA
ADAM-SVM,CUTTED2234,FALSE,NA
ADAM-SVM,CUTTED1891,FALSE,NA
ADAM-SVM,CUTTED1875,FALSE,NA
ADAM-SVM,CUTTED777,FALSE,NA
ADAM-SVM,CUTTED2365,TRUE,NA
ADAM-SVM,CUTTED521,FALSE,NA
ADAM-SVM,CUTTED941,FALSE,NA
ADAM-SVM,CUTTED9,FALSE,NA
ADAM-SVM,CUTTED108,TRUE,NA
ADAM-SVM,CUTTED963,FALSE,NA
ADAM-SVM,CUTTED1814,FALSE,NA
ADAM-SVM,CUTTED1496,FALSE,NA
ADAM-SVM,CUTTED1633,FALSE,NA
ADAM-SVM,CUTTED876,FALSE,NA
ADAM-SVM,CUTTED1201,FALSE,NA
ADAM-SVM,CUTTED774,FALSE,NA
AMPScannerV2,dbAMP_01779,TRUE,0.9975
AMPScannerV2,dbAMP_11786,TRUE,0.9964
AMPScannerV2,dbAMP_00990,TRUE,0.9795
AMPScannerV2,dbAMP_02059,TRUE,0.9973
AMPScannerV2,dbAMP_04824,TRUE,0.9996
AMPScannerV2,dbAMP_02137,TRUE,0.9994
AMPScannerV2,dbAMP_01808,TRUE,0.9994
AMPScannerV2,dbAMP_05248,FALSE,0.0061
AMPScannerV2,dbAMP_01768,TRUE,0.9975
AMPScannerV2,dbAMP_02002,TRUE,0.9999
AMPScannerV2,dbAMP_03284,TRUE,0.9938
AMPScannerV2,dbAMP_09683,TRUE,1
AMPScannerV2,dbAMP_03274,TRUE,0.5512
AMPScannerV2,dbAMP_01708,TRUE,0.9992
AMPScannerV2,dbAMP_11270,TRUE,0.9999
AMPScannerV2,dbAMP_02132,TRUE,0.9998
AMPScannerV2,dbAMP_02997,TRUE,0.5251
AMPScannerV2,dbAMP_02187,TRUE,0.9996
AMPScannerV2,dbAMP_01263,TRUE,0.996
AMPScannerV2,dbAMP_01883,TRUE,1
AMPScannerV2,dbAMP_01774,TRUE,0.9999
AMPScannerV2,dbAMP_02190,TRUE,0.9987
AMPScannerV2,dbAMP_04121,TRUE,0.7658
AMPScannerV2,dbAMP_04457,TRUE,1
AMPScannerV2,dbAMP_03496,TRUE,0.9998
AMPScannerV2,dbAMP_04195,TRUE,0.8229
AMPScannerV2,dbAMP_02655,TRUE,1
AMPScannerV2,dbAMP_02326,TRUE,0.9999
AMPScannerV2,dbAMP_04799,TRUE,0.8708
AMPScannerV2,dbAMP_02101,TRUE,0.9997
AMPScannerV2,dbAMP_02703,TRUE,1
AMPScannerV2,dbAMP_02596,TRUE,0.9996
AMPScannerV2,dbAMP_01821,TRUE,1
AMPScannerV2,dbAMP_01850,TRUE,0.8389
AMPScannerV2,dbAMP_04358,TRUE,0.9881
AMPScannerV2,dbAMP_05035,TRUE,1
AMPScannerV2,dbAMP_01227,FALSE,3e-04
AMPScannerV2,dbAMP_00502,TRUE,0.9971
AMPScannerV2,dbAMP_02268,TRUE,0.9999
AMPScannerV2,dbAMP_02136,TRUE,0.9999
AMPScannerV2,dbAMP_00301,TRUE,0.9998
AMPScannerV2,dbAMP_04980,TRUE,0.84
AMPScannerV2,dbAMP_10563,TRUE,0.9976
AMPScannerV2,dbAMP_02091,TRUE,1
AMPScannerV2,dbAMP_10018,FALSE,0.002
AMPScannerV2,dbAMP_05096,TRUE,0.515
AMPScannerV2,dbAMP_03283,TRUE,0.998
AMPScannerV2,dbAMP_02711,TRUE,1
AMPScannerV2,dbAMP_11047,TRUE,0.9999
AMPScannerV2,dbAMP_02224,TRUE,0.9995
AMPScannerV2,dbAMP_10199,TRUE,0.6323
AMPScannerV2,dbAMP_02105,TRUE,0.9997
AMPScannerV2,dbAMP_00730,FALSE,0.1062
AMPScannerV2,dbAMP_04321,TRUE,0.9986
AMPScannerV2,dbAMP_02708,TRUE,0.9996
AMPScannerV2,dbAMP_01652,TRUE,0.9994
AMPScannerV2,dbAMP_02682,TRUE,1
AMPScannerV2,dbAMP_02129,TRUE,1
AMPScannerV2,dbAMP_00956,TRUE,1
AMPScannerV2,dbAMP_00677,TRUE,0.9129
AMPScannerV2,dbAMP_04904,TRUE,0.9999
AMPScannerV2,dbAMP_02825,TRUE,1
AMPScannerV2,dbAMP_04382,TRUE,0.9997
AMPScannerV2,dbAMP_09967,TRUE,0.9976
AMPScannerV2,dbAMP_03640,TRUE,1
AMPScannerV2,dbAMP_00571,TRUE,0.9988
AMPScannerV2,dbAMP_02082,TRUE,1
AMPScannerV2,dbAMP_02636,TRUE,1
AMPScannerV2,dbAMP_01657,TRUE,1
AMPScannerV2,dbAMP_00291,TRUE,0.9998
AMPScannerV2,dbAMP_00696,TRUE,0.9199
AMPScannerV2,dbAMP_04096,FALSE,0.1492
AMPScannerV2,dbAMP_03792,TRUE,0.9999
AMPScannerV2,dbAMP_01658,TRUE,1
AMPScannerV2,dbAMP_01941,TRUE,0.9999
AMPScannerV2,dbAMP_04117,TRUE,0.9905
AMPScannerV2,dbAMP_12373,TRUE,0.9999
AMPScannerV2,dbAMP_02728,TRUE,0.9999
AMPScannerV2,dbAMP_02242,TRUE,1
AMPScannerV2,dbAMP_01654,TRUE,1
AMPScannerV2,dbAMP_09730,TRUE,0.9997
AMPScannerV2,dbAMP_12355,TRUE,0.9997
AMPScannerV2,dbAMP_01914,TRUE,1
AMPScannerV2,dbAMP_03898,TRUE,1
AMPScannerV2,dbAMP_01704,TRUE,1
AMPScannerV2,dbAMP_02960,TRUE,0.9996
AMPScannerV2,dbAMP_04722,TRUE,1
AMPScannerV2,dbAMP_02400,TRUE,1
AMPScannerV2,dbAMP_12383,TRUE,0.9993
AMPScannerV2,dbAMP_04309,TRUE,0.9999
AMPScannerV2,dbAMP_05294,TRUE,0.9879
AMPScannerV2,dbAMP_00438,TRUE,0.9968
AMPScannerV2,dbAMP_02053,TRUE,1
AMPScannerV2,dbAMP_00896,TRUE,0.9999
AMPScannerV2,dbAMP_01610,TRUE,0.9995
AMPScannerV2,dbAMP_10501,TRUE,0.9992
AMPScannerV2,dbAMP_09865,TRUE,0.9807
AMPScannerV2,dbAMP_04237,TRUE,0.9994
AMPScannerV2,dbAMP_01501,FALSE,0.0024
AMPScannerV2,dbAMP_11756,TRUE,0.9997
AMPScannerV2,dbAMP_04826,TRUE,0.9998
AMPScannerV2,dbAMP_11158,TRUE,1
AMPScannerV2,dbAMP_09693,TRUE,1
AMPScannerV2,dbAMP_11722,TRUE,0.9996
AMPScannerV2,dbAMP_03046,TRUE,1
AMPScannerV2,dbAMP_03163,TRUE,1
AMPScannerV2,dbAMP_01265,TRUE,0.9996
AMPScannerV2,dbAMP_01140,TRUE,0.9983
AMPScannerV2,dbAMP_11109,TRUE,1
AMPScannerV2,dbAMP_03688,TRUE,1
AMPScannerV2,dbAMP_04377,TRUE,0.9999
AMPScannerV2,dbAMP_09060,TRUE,0.6526
AMPScannerV2,dbAMP_03101,TRUE,1
AMPScannerV2,dbAMP_00174,TRUE,0.9998
AMPScannerV2,dbAMP_01733,TRUE,1
AMPScannerV2,dbAMP_03459,TRUE,1
AMPScannerV2,dbAMP_03821,TRUE,0.9997
AMPScannerV2,dbAMP_04183,TRUE,1
AMPScannerV2,dbAMP_11615,TRUE,1
AMPScannerV2,dbAMP_00818,TRUE,1
AMPScannerV2,dbAMP_03977,TRUE,0.9999
AMPScannerV2,dbAMP_04042,TRUE,1
AMPScannerV2,dbAMP_00369,TRUE,0.9993
AMPScannerV2,dbAMP_02786,TRUE,1
AMPScannerV2,dbAMP_11288,TRUE,1
AMPScannerV2,dbAMP_00081,TRUE,0.9999
AMPScannerV2,dbAMP_00819,TRUE,1
AMPScannerV2,dbAMP_09718,TRUE,0.9993
AMPScannerV2,dbAMP_04424,TRUE,0.5788
AMPScannerV2,dbAMP_11417,TRUE,1
AMPScannerV2,dbAMP_04285,TRUE,1
AMPScannerV2,dbAMP_04830,TRUE,1
AMPScannerV2,dbAMP_03042,TRUE,1
AMPScannerV2,dbAMP_04328,TRUE,0.9976
AMPScannerV2,dbAMP_03671,TRUE,1
AMPScannerV2,dbAMP_03861,TRUE,0.9995
AMPScannerV2,dbAMP_00784,TRUE,1
AMPScannerV2,dbAMP_02340,TRUE,1
AMPScannerV2,dbAMP_03673,TRUE,1
AMPScannerV2,dbAMP_10739,TRUE,1
AMPScannerV2,dbAMP_10810,TRUE,0.9873
AMPScannerV2,dbAMP_00815,TRUE,0.9999
AMPScannerV2,dbAMP_00124,TRUE,1
AMPScannerV2,dbAMP_03879,FALSE,0.0887
AMPScannerV2,dbAMP_02763,TRUE,1
AMPScannerV2,dbAMP_04386,TRUE,1
AMPScannerV2,dbAMP_10969,TRUE,1
AMPScannerV2,dbAMP_05788,TRUE,0.9999
AMPScannerV2,dbAMP_04118,TRUE,1
AMPScannerV2,dbAMP_10732,TRUE,0.9892
AMPScannerV2,dbAMP_04612,TRUE,1
AMPScannerV2,dbAMP_04986,TRUE,0.9999
AMPScannerV2,dbAMP_09029,TRUE,1
AMPScannerV2,dbAMP_00247,TRUE,0.9821
AMPScannerV2,dbAMP_12379,TRUE,1
AMPScannerV2,dbAMP_05296,TRUE,0.9998
AMPScannerV2,dbAMP_04218,TRUE,1
AMPScannerV2,dbAMP_00437,TRUE,1
AMPScannerV2,dbAMP_09925,TRUE,0.9996
AMPScannerV2,dbAMP_11928,TRUE,0.9997
AMPScannerV2,dbAMP_06215,TRUE,0.9604
AMPScannerV2,dbAMP_11911,TRUE,1
AMPScannerV2,dbAMP_10571,TRUE,0.9999
AMPScannerV2,dbAMP_10790,TRUE,1
AMPScannerV2,dbAMP_08943,FALSE,0.0112
AMPScannerV2,dbAMP_02872,TRUE,1
AMPScannerV2,dbAMP_04006,TRUE,0.9988
AMPScannerV2,dbAMP_09669,TRUE,1
AMPScannerV2,dbAMP_02857,TRUE,1
AMPScannerV2,dbAMP_00045,TRUE,1
AMPScannerV2,dbAMP_00600,TRUE,1
AMPScannerV2,dbAMP_04521,TRUE,1
AMPScannerV2,dbAMP_00973,TRUE,0.6757
AMPScannerV2,dbAMP_10713,TRUE,1
AMPScannerV2,dbAMP_01096,TRUE,1
AMPScannerV2,dbAMP_00311,TRUE,1
AMPScannerV2,dbAMP_06032,TRUE,0.9988
AMPScannerV2,dbAMP_05326,TRUE,1
AMPScannerV2,dbAMP_12376,TRUE,0.9997
AMPScannerV2,dbAMP_05643,TRUE,1
AMPScannerV2,dbAMP_01397,TRUE,1
AMPScannerV2,dbAMP_10462,TRUE,1
AMPScannerV2,dbAMP_00132,FALSE,0.0436
AMPScannerV2,dbAMP_09824,TRUE,1
AMPScannerV2,dbAMP_09761,TRUE,0.9993
AMPScannerV2,dbAMP_01647,FALSE,0.0317
AMPScannerV2,dbAMP_01030,TRUE,0.9999
AMPScannerV2,dbAMP_01071,TRUE,0.9999
AMPScannerV2,dbAMP_04410,TRUE,1
AMPScannerV2,dbAMP_05777,TRUE,0.9999
AMPScannerV2,dbAMP_00446,TRUE,1
AMPScannerV2,dbAMP_01650,TRUE,0.9981
AMPScannerV2,dbAMP_02772,TRUE,1
AMPScannerV2,dbAMP_10931,TRUE,0.9994
AMPScannerV2,dbAMP_09705,TRUE,1
AMPScannerV2,dbAMP_05344,TRUE,1
AMPScannerV2,dbAMP_02838,TRUE,1
AMPScannerV2,dbAMP_12270,TRUE,1
AMPScannerV2,dbAMP_12385,TRUE,0.987
AMPScannerV2,dbAMP_01287,TRUE,1
AMPScannerV2,dbAMP_00701,TRUE,0.9999
AMPScannerV2,dbAMP_06811,TRUE,0.9211
AMPScannerV2,dbAMP_07790,TRUE,0.9944
AMPScannerV2,dbAMP_09002,TRUE,0.9999
AMPScannerV2,dbAMP_12225,TRUE,0.9998
AMPScannerV2,dbAMP_00043,TRUE,0.9999
AMPScannerV2,dbAMP_09573,TRUE,0.9981
AMPScannerV2,dbAMP_10661,TRUE,0.9995
AMPScannerV2,dbAMP_09350,TRUE,0.9993
AMPScannerV2,dbAMP_12368,TRUE,0.9206
AMPScannerV2,dbAMP_09347,TRUE,0.9995
AMPScannerV2,dbAMP_10071,TRUE,0.9873
AMPScannerV2,dbAMP_05768,TRUE,0.9999
AMPScannerV2,dbAMP_00286,TRUE,0.9999
AMPScannerV2,dbAMP_09349,TRUE,0.9995
AMPScannerV2,dbAMP_11549,TRUE,0.9754
AMPScannerV2,dbAMP_09320,TRUE,1
AMPScannerV2,dbAMP_05609,TRUE,0.9965
AMPScannerV2,dbAMP_09451,TRUE,0.9998
AMPScannerV2,dbAMP_00585,TRUE,1
AMPScannerV2,dbAMP_04869,TRUE,0.9997
AMPScannerV2,dbAMP_08936,FALSE,0.0504
AMPScannerV2,dbAMP_09258,TRUE,1
AMPScannerV2,dbAMP_04054,FALSE,0.0752
AMPScannerV2,dbAMP_00731,TRUE,0.9999
AMPScannerV2,dbAMP_06151,TRUE,0.9962
AMPScannerV2,dbAMP_09026,TRUE,1
AMPScannerV2,dbAMP_10093,TRUE,0.9997
AMPScannerV2,dbAMP_05267,TRUE,0.9991
AMPScannerV2,dbAMP_11143,TRUE,0.9987
AMPScannerV2,dbAMP_06507,FALSE,0.3003
AMPScannerV2,dbAMP_04511,TRUE,0.7935
AMPScannerV2,dbAMP_04958,TRUE,1
AMPScannerV2,dbAMP_06081,TRUE,0.9973
AMPScannerV2,dbAMP_06789,TRUE,0.8283
AMPScannerV2,dbAMP_11215,TRUE,0.9148
AMPScannerV2,dbAMP_06264,TRUE,1
AMPScannerV2,dbAMP_02521,TRUE,0.9996
AMPScannerV2,dbAMP_09715,TRUE,0.9994
AMPScannerV2,dbAMP_00436,TRUE,0.936
AMPScannerV2,dbAMP_07242,TRUE,1
AMPScannerV2,dbAMP_08928,FALSE,0.494
AMPScannerV2,dbAMP_11141,TRUE,1
AMPScannerV2,dbAMP_12370,TRUE,0.9976
AMPScannerV2,dbAMP_09078,TRUE,1
AMPScannerV2,dbAMP_09043,TRUE,1
AMPScannerV2,dbAMP_07432,FALSE,0.0503
AMPScannerV2,CUTTED257,FALSE,0.0092
AMPScannerV2,CUTTED577,FALSE,8e-04
AMPScannerV2,CUTTED1087,FALSE,0.0024
AMPScannerV2,CUTTED758,FALSE,0.0014
AMPScannerV2,CUTTED2334,TRUE,0.9195
AMPScannerV2,CUTTED1739,FALSE,0.001
AMPScannerV2,CUTTED125,FALSE,6e-04
AMPScannerV2,CUTTED970,TRUE,0.9512
AMPScannerV2,CUTTED1916,FALSE,0.0245
AMPScannerV2,CUTTED1749,FALSE,0.0023
AMPScannerV2,CUTTED232,FALSE,0.0157
AMPScannerV2,CUTTED2319,FALSE,7e-04
AMPScannerV2,CUTTED176,TRUE,0.8759
AMPScannerV2,CUTTED2147,FALSE,0.0095
AMPScannerV2,CUTTED805,FALSE,0.0408
AMPScannerV2,CUTTED266,FALSE,0.131
AMPScannerV2,CUTTED2166,FALSE,0.05
AMPScannerV2,CUTTED1592,FALSE,0.001
AMPScannerV2,CUTTED1123,FALSE,0.0012
AMPScannerV2,CUTTED454,FALSE,0.341
AMPScannerV2,CUTTED980,FALSE,7e-04
AMPScannerV2,CUTTED858,FALSE,0.2277
AMPScannerV2,CUTTED1189,FALSE,0.0026
AMPScannerV2,CUTTED1385,FALSE,0.0083
AMPScannerV2,CUTTED1766,FALSE,3e-04
AMPScannerV2,CUTTED2091,FALSE,0.0472
AMPScannerV2,CUTTED1659,FALSE,0.0011
AMPScannerV2,CUTTED718,FALSE,0.4743
AMPScannerV2,CUTTED1020,FALSE,9e-04
AMPScannerV2,CUTTED953,FALSE,0.3381
AMPScannerV2,CUTTED1689,FALSE,3e-04
AMPScannerV2,CUTTED2188,FALSE,0.0458
AMPScannerV2,CUTTED214,FALSE,0.102
AMPScannerV2,CUTTED288,FALSE,0.0034
AMPScannerV2,CUTTED95,FALSE,0.0043
AMPScannerV2,CUTTED1373,FALSE,0.002
AMPScannerV2,CUTTED1483,FALSE,0.0343
AMPScannerV2,CUTTED2390,FALSE,4e-04
AMPScannerV2,CUTTED1915,FALSE,0.0156
AMPScannerV2,CUTTED2199,FALSE,0.2355
AMPScannerV2,CUTTED1348,FALSE,0.0179
AMPScannerV2,CUTTED375,FALSE,0.0973
AMPScannerV2,CUTTED1335,FALSE,0.0112
AMPScannerV2,CUTTED1079,FALSE,7e-04
AMPScannerV2,CUTTED392,FALSE,4e-04
AMPScannerV2,CUTTED2343,TRUE,0.5595
AMPScannerV2,CUTTED333,FALSE,8e-04
AMPScannerV2,CUTTED864,FALSE,0.0134
AMPScannerV2,CUTTED1106,FALSE,0.0163
AMPScannerV2,CUTTED1273,FALSE,0.0065
AMPScannerV2,CUTTED696,FALSE,6e-04
AMPScannerV2,CUTTED2225,FALSE,1e-04
AMPScannerV2,CUTTED46,FALSE,4e-04
AMPScannerV2,CUTTED842,FALSE,4e-04
AMPScannerV2,CUTTED1030,FALSE,1e-04
AMPScannerV2,CUTTED410,FALSE,3e-04
AMPScannerV2,CUTTED969,FALSE,0.0016
AMPScannerV2,CUTTED1731,FALSE,0.0033
AMPScannerV2,CUTTED2135,FALSE,1e-04
AMPScannerV2,CUTTED1944,FALSE,0.0115
AMPScannerV2,CUTTED1208,FALSE,2e-04
AMPScannerV2,CUTTED348,TRUE,0.9999
AMPScannerV2,CUTTED645,FALSE,0.0067
AMPScannerV2,CUTTED1298,FALSE,3e-04
AMPScannerV2,CUTTED426,FALSE,0.0598
AMPScannerV2,CUTTED850,FALSE,0.0083
AMPScannerV2,CUTTED1747,FALSE,3e-04
AMPScannerV2,CUTTED515,FALSE,0.0017
AMPScannerV2,CUTTED2063,FALSE,0.0011
AMPScannerV2,CUTTED2203,FALSE,0.0017
AMPScannerV2,CUTTED1065,FALSE,0.0103
AMPScannerV2,CUTTED749,FALSE,0.0095
AMPScannerV2,CUTTED1146,FALSE,3e-04
AMPScannerV2,CUTTED752,FALSE,2e-04
AMPScannerV2,CUTTED690,FALSE,3e-04
AMPScannerV2,CUTTED1282,FALSE,0.0079
AMPScannerV2,CUTTED1276,FALSE,1e-04
AMPScannerV2,CUTTED2067,FALSE,0.002
AMPScannerV2,CUTTED637,FALSE,0.0243
AMPScannerV2,CUTTED2048,FALSE,6e-04
AMPScannerV2,CUTTED651,FALSE,0.1844
AMPScannerV2,CUTTED1847,FALSE,0.0221
AMPScannerV2,CUTTED1049,FALSE,0.1518
AMPScannerV2,CUTTED1992,TRUE,0.9867
AMPScannerV2,CUTTED1321,FALSE,0.0046
AMPScannerV2,CUTTED1732,FALSE,0.0058
AMPScannerV2,CUTTED1644,FALSE,0.0011
AMPScannerV2,CUTTED92,FALSE,7e-04
AMPScannerV2,CUTTED275,FALSE,0.002
AMPScannerV2,CUTTED309,FALSE,0.0123
AMPScannerV2,CUTTED644,FALSE,0.0012
AMPScannerV2,CUTTED385,FALSE,3e-04
AMPScannerV2,CUTTED286,FALSE,0.0068
AMPScannerV2,CUTTED1688,FALSE,0.006
AMPScannerV2,CUTTED1356,FALSE,1e-04
AMPScannerV2,CUTTED244,FALSE,1e-04
AMPScannerV2,CUTTED489,FALSE,8e-04
AMPScannerV2,CUTTED677,FALSE,8e-04
AMPScannerV2,CUTTED1493,FALSE,0.0155
AMPScannerV2,CUTTED1159,FALSE,2e-04
AMPScannerV2,CUTTED1066,FALSE,0.0024
AMPScannerV2,CUTTED1637,FALSE,0.0337
AMPScannerV2,CUTTED2383,FALSE,0.0094
AMPScannerV2,CUTTED788,FALSE,0.0033
AMPScannerV2,CUTTED837,FALSE,9e-04
AMPScannerV2,CUTTED548,FALSE,5e-04
AMPScannerV2,CUTTED41,TRUE,0.8887
AMPScannerV2,CUTTED1776,FALSE,0.0071
AMPScannerV2,CUTTED423,FALSE,2e-04
AMPScannerV2,CUTTED1812,FALSE,0.0013
AMPScannerV2,CUTTED2227,FALSE,0.009
AMPScannerV2,CUTTED2396,FALSE,0.0102
AMPScannerV2,CUTTED293,FALSE,5e-04
AMPScannerV2,CUTTED280,FALSE,1e-04
AMPScannerV2,CUTTED477,FALSE,0.0271
AMPScannerV2,CUTTED172,FALSE,0.0043
AMPScannerV2,CUTTED2079,FALSE,0.0014
AMPScannerV2,CUTTED1399,FALSE,0.0017
AMPScannerV2,CUTTED389,FALSE,3e-04
AMPScannerV2,CUTTED972,FALSE,0.0055
AMPScannerV2,CUTTED2194,FALSE,0.0021
AMPScannerV2,CUTTED2123,FALSE,6e-04
AMPScannerV2,CUTTED121,FALSE,2e-04
AMPScannerV2,CUTTED1643,FALSE,1e-04
AMPScannerV2,CUTTED1075,TRUE,0.7086
AMPScannerV2,CUTTED1547,FALSE,0.1104
AMPScannerV2,CUTTED2093,FALSE,0.0013
AMPScannerV2,CUTTED871,FALSE,0.0017
AMPScannerV2,CUTTED1614,FALSE,4e-04
AMPScannerV2,CUTTED2232,FALSE,1e-04
AMPScannerV2,CUTTED1299,TRUE,0.9329
AMPScannerV2,CUTTED1861,FALSE,9e-04
AMPScannerV2,CUTTED1297,FALSE,0.0025
AMPScannerV2,CUTTED1463,FALSE,0
AMPScannerV2,CUTTED895,FALSE,2e-04
AMPScannerV2,CUTTED1324,FALSE,0.0568
AMPScannerV2,CUTTED713,FALSE,4e-04
AMPScannerV2,CUTTED2153,FALSE,0.004
AMPScannerV2,CUTTED1718,FALSE,7e-04
AMPScannerV2,CUTTED1443,FALSE,1e-04
AMPScannerV2,CUTTED338,FALSE,1e-04
AMPScannerV2,CUTTED602,FALSE,9e-04
AMPScannerV2,CUTTED2023,FALSE,6e-04
AMPScannerV2,CUTTED245,FALSE,0.0403
AMPScannerV2,CUTTED1957,FALSE,2e-04
AMPScannerV2,CUTTED894,FALSE,7e-04
AMPScannerV2,CUTTED421,FALSE,0.0557
AMPScannerV2,CUTTED1043,TRUE,1
AMPScannerV2,CUTTED2271,FALSE,5e-04
AMPScannerV2,CUTTED404,FALSE,1e-04
AMPScannerV2,CUTTED2246,FALSE,3e-04
AMPScannerV2,CUTTED2450,FALSE,7e-04
AMPScannerV2,CUTTED1833,FALSE,2e-04
AMPScannerV2,CUTTED1366,FALSE,4e-04
AMPScannerV2,CUTTED2150,FALSE,9e-04
AMPScannerV2,CUTTED2262,TRUE,0.6178
AMPScannerV2,CUTTED1408,FALSE,0.4064
AMPScannerV2,CUTTED2010,TRUE,0.9974
AMPScannerV2,CUTTED2357,FALSE,0.013
AMPScannerV2,CUTTED1091,FALSE,0.023
AMPScannerV2,CUTTED308,FALSE,0.0195
AMPScannerV2,CUTTED2122,FALSE,0.0049
AMPScannerV2,CUTTED1099,FALSE,6e-04
AMPScannerV2,CUTTED1818,FALSE,1e-04
AMPScannerV2,CUTTED13,FALSE,2e-04
AMPScannerV2,CUTTED869,FALSE,0.0027
AMPScannerV2,CUTTED1464,FALSE,0.0066
AMPScannerV2,CUTTED501,FALSE,0.0207
AMPScannerV2,CUTTED253,FALSE,0.0083
AMPScannerV2,CUTTED1546,FALSE,0.0024
AMPScannerV2,CUTTED1177,FALSE,4e-04
AMPScannerV2,CUTTED2241,FALSE,0.063
AMPScannerV2,CUTTED1700,FALSE,3e-04
AMPScannerV2,CUTTED2315,FALSE,0.0086
AMPScannerV2,CUTTED2005,FALSE,0.0181
AMPScannerV2,CUTTED755,FALSE,0.4118
AMPScannerV2,CUTTED1906,FALSE,2e-04
AMPScannerV2,CUTTED2084,FALSE,7e-04
AMPScannerV2,CUTTED2041,FALSE,7e-04
AMPScannerV2,CUTTED1402,FALSE,0.0045
AMPScannerV2,CUTTED2314,FALSE,8e-04
AMPScannerV2,CUTTED2046,FALSE,0.1984
AMPScannerV2,CUTTED1617,FALSE,0.1432
AMPScannerV2,CUTTED402,TRUE,0.581
AMPScannerV2,CUTTED461,FALSE,0.0083
AMPScannerV2,CUTTED2031,FALSE,6e-04
AMPScannerV2,CUTTED2016,FALSE,0.02
AMPScannerV2,CUTTED117,FALSE,3e-04
AMPScannerV2,CUTTED1800,FALSE,4e-04
AMPScannerV2,CUTTED1719,FALSE,0.0025
AMPScannerV2,CUTTED1953,FALSE,0.0028
AMPScannerV2,CUTTED1218,FALSE,7e-04
AMPScannerV2,CUTTED613,FALSE,0.0015
AMPScannerV2,CUTTED1448,FALSE,0.009
AMPScannerV2,CUTTED2323,FALSE,1e-04
AMPScannerV2,CUTTED1103,FALSE,0.0177
AMPScannerV2,CUTTED195,FALSE,0.0033
AMPScannerV2,CUTTED615,FALSE,2e-04
AMPScannerV2,CUTTED2413,TRUE,0.9285
AMPScannerV2,CUTTED1326,FALSE,2e-04
AMPScannerV2,CUTTED1454,FALSE,6e-04
AMPScannerV2,CUTTED191,FALSE,0.0026
AMPScannerV2,CUTTED965,TRUE,0.9957
AMPScannerV2,CUTTED1462,FALSE,0.0536
AMPScannerV2,CUTTED744,FALSE,2e-04
AMPScannerV2,CUTTED173,FALSE,0.0068
AMPScannerV2,CUTTED841,FALSE,0.0226
AMPScannerV2,CUTTED110,FALSE,0.2263
AMPScannerV2,CUTTED893,FALSE,0.2568
AMPScannerV2,CUTTED1235,FALSE,0.0055
AMPScannerV2,CUTTED2081,FALSE,0.0036
AMPScannerV2,CUTTED1851,TRUE,1
AMPScannerV2,CUTTED2409,FALSE,0.0011
AMPScannerV2,CUTTED2116,FALSE,1e-04
AMPScannerV2,CUTTED1683,TRUE,0.9819
AMPScannerV2,CUTTED561,FALSE,0.1707
AMPScannerV2,CUTTED2174,FALSE,0.0046
AMPScannerV2,CUTTED364,FALSE,0.0022
AMPScannerV2,CUTTED10,FALSE,0.0201
AMPScannerV2,CUTTED2391,FALSE,0.1677
AMPScannerV2,CUTTED1761,TRUE,0.9841
AMPScannerV2,CUTTED2028,FALSE,1e-04
AMPScannerV2,CUTTED1152,FALSE,7e-04
AMPScannerV2,CUTTED2433,TRUE,0.9653
AMPScannerV2,CUTTED164,FALSE,0.0416
AMPScannerV2,CUTTED405,FALSE,0.0026
AMPScannerV2,CUTTED111,FALSE,1e-04
AMPScannerV2,CUTTED771,FALSE,0.0038
AMPScannerV2,CUTTED791,FALSE,0.0553
AMPScannerV2,CUTTED1002,FALSE,0.0013
AMPScannerV2,CUTTED263,TRUE,0.9603
AMPScannerV2,CUTTED2234,FALSE,0.2677
AMPScannerV2,CUTTED1891,TRUE,0.9917
AMPScannerV2,CUTTED1875,TRUE,0.6083
AMPScannerV2,CUTTED777,FALSE,3e-04
AMPScannerV2,CUTTED2365,FALSE,0.0119
AMPScannerV2,CUTTED521,FALSE,0.0021
AMPScannerV2,CUTTED941,FALSE,0.3857
AMPScannerV2,CUTTED9,FALSE,5e-04
AMPScannerV2,CUTTED108,TRUE,0.9999
AMPScannerV2,CUTTED963,FALSE,9e-04
AMPScannerV2,CUTTED1814,FALSE,0.0055
AMPScannerV2,CUTTED1496,TRUE,0.9996
AMPScannerV2,CUTTED1633,FALSE,0.004
AMPScannerV2,CUTTED876,FALSE,5e-04
AMPScannerV2,CUTTED1201,TRUE,0.9598
AMPScannerV2,CUTTED774,FALSE,0.3638
Amylogram,dbAMP_01779,NA,0.412897896006622
Amylogram,dbAMP_11786,NA,0.465009113648522
Amylogram,dbAMP_00990,NA,0.574959867054729
Amylogram,dbAMP_02059,NA,0.710528217324363
Amylogram,dbAMP_04824,NA,0.310555945165945
Amylogram,dbAMP_02137,NA,0.435353906444997
Amylogram,dbAMP_01808,NA,0.575020238012209
Amylogram,dbAMP_05248,NA,0.236135705597617
Amylogram,dbAMP_01768,NA,0.754855820827493
Amylogram,dbAMP_02002,NA,0.435159040029331
Amylogram,dbAMP_03284,NA,0.687684203880424
Amylogram,dbAMP_09683,NA,0.779719084567714
Amylogram,dbAMP_03274,NA,0.687684203880424
Amylogram,dbAMP_01708,NA,0.734837373084432
Amylogram,dbAMP_11270,NA,0.247391813616194
Amylogram,dbAMP_02132,NA,0.435159040029331
Amylogram,dbAMP_02997,NA,0.567579647745287
Amylogram,dbAMP_02187,NA,0.598435228592743
Amylogram,dbAMP_01263,NA,0.762764012332307
Amylogram,dbAMP_01883,NA,0.644209588199535
Amylogram,dbAMP_01774,NA,0.476563667272405
Amylogram,dbAMP_02190,NA,0.633392726904229
Amylogram,dbAMP_04121,NA,0.341613856954879
Amylogram,dbAMP_04457,NA,0.779719084567714
Amylogram,dbAMP_03496,NA,0.729344517424092
Amylogram,dbAMP_04195,NA,0.125420490620491
Amylogram,dbAMP_02655,NA,0.698122880490272
Amylogram,dbAMP_02326,NA,0.514981800404783
Amylogram,dbAMP_04799,NA,0.209678034710388
Amylogram,dbAMP_02101,NA,0.435159040029331
Amylogram,dbAMP_02703,NA,0.872388888118005
Amylogram,dbAMP_02596,NA,0.874791901429283
Amylogram,dbAMP_01821,NA,0.553724598918987
Amylogram,dbAMP_01850,NA,0.653051805275734
Amylogram,dbAMP_04358,NA,0.245797917214792
Amylogram,dbAMP_05035,NA,0.21063656463076
Amylogram,dbAMP_01227,NA,0.21018618691029
Amylogram,dbAMP_00502,NA,0.715134661338571
Amylogram,dbAMP_02268,NA,0.693723387712241
Amylogram,dbAMP_02136,NA,0.477702837129342
Amylogram,dbAMP_00301,NA,0.124200942449364
Amylogram,dbAMP_04980,NA,0.570430389099026
Amylogram,dbAMP_10563,NA,0.5095709174268
Amylogram,dbAMP_02091,NA,0.677496239680687
Amylogram,dbAMP_10018,NA,0.472264037646358
Amylogram,dbAMP_05096,NA,0.355431735154113
Amylogram,dbAMP_03283,NA,0.687684203880424
Amylogram,dbAMP_02711,NA,0.722411770094971
Amylogram,dbAMP_11047,NA,0.819497866328896
Amylogram,dbAMP_02224,NA,0.495192139665606
Amylogram,dbAMP_10199,NA,0.349941650366817
Amylogram,dbAMP_02105,NA,0.335523236157261
Amylogram,dbAMP_00730,NA,0.449038638625696
Amylogram,dbAMP_04321,NA,0.664677807040272
Amylogram,dbAMP_02708,NA,0.807179940724562
Amylogram,dbAMP_01652,NA,0.91402468338417
Amylogram,dbAMP_02682,NA,0.435172669183436
Amylogram,dbAMP_02129,NA,0.679264489281301
Amylogram,dbAMP_00956,NA,0.473285109202489
Amylogram,dbAMP_00677,NA,0.665939386862438
Amylogram,dbAMP_04904,NA,0.465442876852269
Amylogram,dbAMP_02825,NA,0.562595998707175
Amylogram,dbAMP_04382,NA,0.470740478911067
Amylogram,dbAMP_09967,NA,0.845786828199367
Amylogram,dbAMP_03640,NA,0.368239283592225
Amylogram,dbAMP_00571,NA,0.4740677382442
Amylogram,dbAMP_02082,NA,0.567778126762597
Amylogram,dbAMP_02636,NA,0.698122880490272
Amylogram,dbAMP_01657,NA,0.677981977560618
Amylogram,dbAMP_00291,NA,0.280933438783439
Amylogram,dbAMP_00696,NA,0.348464771666242
Amylogram,dbAMP_04096,NA,0.602517837316514
Amylogram,dbAMP_03792,NA,0.7635453183023
Amylogram,dbAMP_01658,NA,0.74101618670001
Amylogram,dbAMP_01941,NA,0.77741654012564
Amylogram,dbAMP_04117,NA,0.286072245934024
Amylogram,dbAMP_12373,NA,0.357935103897262
Amylogram,dbAMP_02728,NA,0.531948956153127
Amylogram,dbAMP_02242,NA,0.779096484697108
Amylogram,dbAMP_01654,NA,0.87131209665889
Amylogram,dbAMP_09730,NA,0.347011354050857
Amylogram,dbAMP_12355,NA,0.733881562921656
Amylogram,dbAMP_01914,NA,0.657669942337741
Amylogram,dbAMP_03898,NA,0.527744098758584
Amylogram,dbAMP_01704,NA,0.6375856330154
Amylogram,dbAMP_02960,NA,0.278394333138806
Amylogram,dbAMP_04722,NA,0.656212999748054
Amylogram,dbAMP_02400,NA,0.735887986944257
Amylogram,dbAMP_12383,NA,0.414666161616162
Amylogram,dbAMP_04309,NA,0.67737589572572
Amylogram,dbAMP_05294,NA,0.680213093023423
Amylogram,dbAMP_00438,NA,0.470245157146398
Amylogram,dbAMP_02053,NA,0.610508324958805
Amylogram,dbAMP_00896,NA,0.0551953907203907
Amylogram,dbAMP_01610,NA,0.567350160783116
Amylogram,dbAMP_10501,NA,0.629280747963264
Amylogram,dbAMP_09865,NA,0.092690839216192
Amylogram,dbAMP_04237,NA,0.799645520127281
Amylogram,dbAMP_01501,NA,0.378204664334854
Amylogram,dbAMP_11756,NA,0.403918851593675
Amylogram,dbAMP_04826,NA,0.142480154021192
Amylogram,dbAMP_11158,NA,0.745088179605402
Amylogram,dbAMP_09693,NA,0.450399176703574
Amylogram,dbAMP_11722,NA,0.754391866066176
Amylogram,dbAMP_03046,NA,0.547859311686506
Amylogram,dbAMP_03163,NA,0.421726200308792
Amylogram,dbAMP_01265,NA,0.762764012332307
Amylogram,dbAMP_01140,NA,0.710577169524902
Amylogram,dbAMP_11109,NA,0.675043031719252
Amylogram,dbAMP_03688,NA,0.45512727335292
Amylogram,dbAMP_04377,NA,0.352491704580155
Amylogram,dbAMP_09060,NA,0.699989305953233
Amylogram,dbAMP_03101,NA,0.391340130457778
Amylogram,dbAMP_00174,NA,0.5219499700735
Amylogram,dbAMP_01733,NA,0.465213396570749
Amylogram,dbAMP_03459,NA,0.415333996905178
Amylogram,dbAMP_03821,NA,0.754391866066176
Amylogram,dbAMP_04183,NA,0.52300883458396
Amylogram,dbAMP_11615,NA,0.347844074065252
Amylogram,dbAMP_00818,NA,0.380864496571244
Amylogram,dbAMP_03977,NA,0.420867604832388
Amylogram,dbAMP_04042,NA,0.405532191297192
Amylogram,dbAMP_00369,NA,0.568660661987365
Amylogram,dbAMP_02786,NA,0.539186954656267
Amylogram,dbAMP_11288,NA,0.666086024553335
Amylogram,dbAMP_00081,NA,0.625736015291898
Amylogram,dbAMP_00819,NA,0.376091275090282
Amylogram,dbAMP_09718,NA,0.671619868648648
Amylogram,dbAMP_04424,NA,0.619381039134899
Amylogram,dbAMP_11417,NA,0.296937456337227
Amylogram,dbAMP_04285,NA,0.558459700423997
Amylogram,dbAMP_04830,NA,0.421726200308792
Amylogram,dbAMP_03042,NA,0.830782716450322
Amylogram,dbAMP_04328,NA,0.499554991603438
Amylogram,dbAMP_03671,NA,0.5808372256246
Amylogram,dbAMP_03861,NA,0.497425830627663
Amylogram,dbAMP_00784,NA,0.459751751997018
Amylogram,dbAMP_02340,NA,0.645688391881354
Amylogram,dbAMP_03673,NA,0.707308827292189
Amylogram,dbAMP_10739,NA,0.56098441125438
Amylogram,dbAMP_10810,NA,0.784244431485202
Amylogram,dbAMP_00815,NA,0.421726200308792
Amylogram,dbAMP_00124,NA,0.269170475190052
Amylogram,dbAMP_03879,NA,0.762737247753584
Amylogram,dbAMP_02763,NA,0.395238940322173
Amylogram,dbAMP_04386,NA,0.352436082052958
Amylogram,dbAMP_10969,NA,0.515772866675808
Amylogram,dbAMP_05788,NA,0.494595695517084
Amylogram,dbAMP_04118,NA,0.421726200308792
Amylogram,dbAMP_10732,NA,0.313280353989558
Amylogram,dbAMP_04612,NA,0.605331572242927
Amylogram,dbAMP_04986,NA,0.731277675548242
Amylogram,dbAMP_09029,NA,0.766709869360659
Amylogram,dbAMP_00247,NA,0.751025090695429
Amylogram,dbAMP_12379,NA,0.216964370012513
Amylogram,dbAMP_05296,NA,0.32977160760636
Amylogram,dbAMP_04218,NA,0.687684203880424
Amylogram,dbAMP_00437,NA,0.501937885643768
Amylogram,dbAMP_09925,NA,0.59733083029267
Amylogram,dbAMP_11928,NA,0.693466779871477
Amylogram,dbAMP_06215,NA,0.839845160894803
Amylogram,dbAMP_11911,NA,0.597451394556533
Amylogram,dbAMP_10571,NA,0.77741654012564
Amylogram,dbAMP_10790,NA,0.240002459773209
Amylogram,dbAMP_08943,NA,0.669859310629314
Amylogram,dbAMP_02872,NA,0.518920819686139
Amylogram,dbAMP_04006,NA,0.409362408405259
Amylogram,dbAMP_09669,NA,0.764760702701722
Amylogram,dbAMP_02857,NA,0.461857040715276
Amylogram,dbAMP_00045,NA,0.681225390553767
Amylogram,dbAMP_00600,NA,0.775720327655051
Amylogram,dbAMP_04521,NA,0.440744100997042
Amylogram,dbAMP_00973,NA,0.810207903487981
Amylogram,dbAMP_10713,NA,0.388505436535616
Amylogram,dbAMP_01096,NA,0.745846951852383
Amylogram,dbAMP_00311,NA,0.275557079074662
Amylogram,dbAMP_06032,NA,0.374734346283946
Amylogram,dbAMP_05326,NA,0.386313760738642
Amylogram,dbAMP_12376,NA,0.807179940724562
Amylogram,dbAMP_05643,NA,0.62523403494908
Amylogram,dbAMP_01397,NA,0.616739563485019
Amylogram,dbAMP_10462,NA,0.730716079794215
Amylogram,dbAMP_00132,NA,0.833013418489986
Amylogram,dbAMP_09824,NA,0.466958000219469
Amylogram,dbAMP_09761,NA,0.349327372801181
Amylogram,dbAMP_01647,NA,0.733881562921656
Amylogram,dbAMP_01030,NA,0.586831322885347
Amylogram,dbAMP_01071,NA,0.323743892143306
Amylogram,dbAMP_04410,NA,0.562431738282681
Amylogram,dbAMP_05777,NA,0.844681640861719
Amylogram,dbAMP_00446,NA,0.447611088619559
Amylogram,dbAMP_01650,NA,0.318286869963243
Amylogram,dbAMP_02772,NA,0.417917779503183
Amylogram,dbAMP_10931,NA,0.295965066632714
Amylogram,dbAMP_09705,NA,0.600157421432255
Amylogram,dbAMP_05344,NA,0.448663560074731
Amylogram,dbAMP_02838,NA,0.421066661192057
Amylogram,dbAMP_12270,NA,0.684494971588514
Amylogram,dbAMP_12385,NA,0.414652211816332
Amylogram,dbAMP_01287,NA,0.691243846313955
Amylogram,dbAMP_00701,NA,0.367083082109405
Amylogram,dbAMP_06811,NA,0.84522499675865
Amylogram,dbAMP_07790,NA,0.866119263999545
Amylogram,dbAMP_09002,NA,0.655448654463523
Amylogram,dbAMP_12225,NA,0.869662125305126
Amylogram,dbAMP_00043,NA,0.484439445875388
Amylogram,dbAMP_09573,NA,0.779719084567714
Amylogram,dbAMP_10661,NA,0.337114612364968
Amylogram,dbAMP_09350,NA,0.579506151589511
Amylogram,dbAMP_12368,NA,0.726087880736682
Amylogram,dbAMP_09347,NA,0.862251739569173
Amylogram,dbAMP_10071,NA,0.708054189709126
Amylogram,dbAMP_05768,NA,0.869662125305126
Amylogram,dbAMP_00286,NA,0.47625655050956
Amylogram,dbAMP_09349,NA,0.579506151589511
Amylogram,dbAMP_11549,NA,0.705270752148748
Amylogram,dbAMP_09320,NA,0.69129652610397
Amylogram,dbAMP_05609,NA,0.749492875058117
Amylogram,dbAMP_09451,NA,0.740004369409724
Amylogram,dbAMP_00585,NA,0.520210824541521
Amylogram,dbAMP_04869,NA,0.401570253358771
Amylogram,dbAMP_08936,NA,0.652287788745876
Amylogram,dbAMP_09258,NA,0.713274056890474
Amylogram,dbAMP_04054,NA,0.777877583628287
Amylogram,dbAMP_00731,NA,0.766709869360659
Amylogram,dbAMP_06151,NA,0.810890525382838
Amylogram,dbAMP_09026,NA,0.702269721683545
Amylogram,dbAMP_10093,NA,0.889817000611829
Amylogram,dbAMP_05267,NA,0.645997669588098
Amylogram,dbAMP_11143,NA,0.388860935021641
Amylogram,dbAMP_06507,NA,0.69516726685566
Amylogram,dbAMP_04511,NA,0.874006348435466
Amylogram,dbAMP_04958,NA,0.291273665223665
Amylogram,dbAMP_06081,NA,0.869662125305126
Amylogram,dbAMP_06789,NA,0.56098441125438
Amylogram,dbAMP_11215,NA,0.51716738162446
Amylogram,dbAMP_06264,NA,0.84522499675865
Amylogram,dbAMP_02521,NA,0.385123483508236
Amylogram,dbAMP_09715,NA,0.780836059694905
Amylogram,dbAMP_00436,NA,0.646290332806513
Amylogram,dbAMP_07242,NA,0.794158842377651
Amylogram,dbAMP_08928,NA,0.823966120490762
Amylogram,dbAMP_11141,NA,0.647252803149105
Amylogram,dbAMP_12370,NA,0.726087880736682
Amylogram,dbAMP_09078,NA,0.734512673597473
Amylogram,dbAMP_09043,NA,0.760731803851281
Amylogram,dbAMP_07432,NA,0.553883549636846
Amylogram,CUTTED257,NA,0.616739563485019
Amylogram,CUTTED577,NA,0.543732086537474
Amylogram,CUTTED1087,NA,0.335461875428849
Amylogram,CUTTED758,NA,0.504108506672207
Amylogram,CUTTED2334,NA,0.0215738095238095
Amylogram,CUTTED1739,NA,0.543835779710442
Amylogram,CUTTED125,NA,0.526459867909868
Amylogram,CUTTED970,NA,0.615102822876677
Amylogram,CUTTED1916,NA,0.214250505196878
Amylogram,CUTTED1749,NA,0.347689488023738
Amylogram,CUTTED232,NA,0.309575609716866
Amylogram,CUTTED2319,NA,0.319935903842528
Amylogram,CUTTED176,NA,0.783789558807205
Amylogram,CUTTED2147,NA,0.211402931006192
Amylogram,CUTTED805,NA,0.294445141016016
Amylogram,CUTTED266,NA,0.609687171941857
Amylogram,CUTTED2166,NA,0.58990979293989
Amylogram,CUTTED1592,NA,0.699193815233465
Amylogram,CUTTED1123,NA,0.597834993429418
Amylogram,CUTTED454,NA,0.304387765176
Amylogram,CUTTED980,NA,0.184489776889777
Amylogram,CUTTED858,NA,0.552391609702505
Amylogram,CUTTED1189,NA,0.704724944267239
Amylogram,CUTTED1385,NA,0.0887026695526696
Amylogram,CUTTED1766,NA,0.577304688475381
Amylogram,CUTTED2091,NA,0.0691937384903127
Amylogram,CUTTED1659,NA,0.305763246230893
Amylogram,CUTTED718,NA,0.208278156835395
Amylogram,CUTTED1020,NA,0.283895676940571
Amylogram,CUTTED953,NA,0.274751701408763
Amylogram,CUTTED1689,NA,0.395582741441565
Amylogram,CUTTED2188,NA,0.520354230413075
Amylogram,CUTTED214,NA,0.677288540346571
Amylogram,CUTTED288,NA,0.323611664492832
Amylogram,CUTTED95,NA,0.662664527953798
Amylogram,CUTTED1373,NA,0.648775443197007
Amylogram,CUTTED1483,NA,0.338774071708098
Amylogram,CUTTED2390,NA,0.465009113648522
Amylogram,CUTTED1915,NA,0.855678009704129
Amylogram,CUTTED2199,NA,0.710528217324363
Amylogram,CUTTED1348,NA,0.595219378148757
Amylogram,CUTTED375,NA,0.455731642638653
Amylogram,CUTTED1335,NA,0.482537736092408
Amylogram,CUTTED1079,NA,0.341071169232496
Amylogram,CUTTED392,NA,0.325516468511093
Amylogram,CUTTED2343,NA,0.0711305717533492
Amylogram,CUTTED333,NA,0.60212518735234
Amylogram,CUTTED864,NA,0.543873943803882
Amylogram,CUTTED1106,NA,0.422086076143298
Amylogram,CUTTED1273,NA,0.322512605677855
Amylogram,CUTTED696,NA,0.762764012332307
Amylogram,CUTTED2225,NA,0.220208801888472
Amylogram,CUTTED46,NA,0.436075050747472
Amylogram,CUTTED842,NA,0.815981820575938
Amylogram,CUTTED1030,NA,0.49600399054649
Amylogram,CUTTED410,NA,0.256498299004778
Amylogram,CUTTED969,NA,0.409362408405259
Amylogram,CUTTED1731,NA,0.438972666188342
Amylogram,CUTTED2135,NA,0.395104996404643
Amylogram,CUTTED1944,NA,0.862847777128691
Amylogram,CUTTED1208,NA,0.838392775261399
Amylogram,CUTTED348,NA,0.249804467700056
Amylogram,CUTTED645,NA,0.66977544797227
Amylogram,CUTTED1298,NA,0.484956888627262
Amylogram,CUTTED426,NA,0.500586444248052
Amylogram,CUTTED850,NA,0.468600122100122
Amylogram,CUTTED1747,NA,0.300803038138332
Amylogram,CUTTED515,NA,0.244769500360585
Amylogram,CUTTED2063,NA,0.320520364936859
Amylogram,CUTTED2203,NA,0.691775623040049
Amylogram,CUTTED1065,NA,0.403889975016285
Amylogram,CUTTED749,NA,0.47561238438065
Amylogram,CUTTED1146,NA,0.377324027388733
Amylogram,CUTTED752,NA,0.48891248809089
Amylogram,CUTTED690,NA,0.786027565225164
Amylogram,CUTTED1282,NA,0.540352696304639
Amylogram,CUTTED1276,NA,0.623208145604014
Amylogram,CUTTED2067,NA,0.580953538546051
Amylogram,CUTTED637,NA,0.792811905808024
Amylogram,CUTTED2048,NA,0.364541157487736
Amylogram,CUTTED651,NA,0.71343732043554
Amylogram,CUTTED1847,NA,0.503968056680162
Amylogram,CUTTED1049,NA,0.866119263999545
Amylogram,CUTTED1992,NA,0.418252612738139
Amylogram,CUTTED1321,NA,0.553883549636846
Amylogram,CUTTED1732,NA,0.344551948056824
Amylogram,CUTTED1644,NA,0.642181099251102
Amylogram,CUTTED92,NA,0.299604507006465
Amylogram,CUTTED275,NA,0.302443716779571
Amylogram,CUTTED309,NA,0.569223307710761
Amylogram,CUTTED644,NA,0.371405429447384
Amylogram,CUTTED385,NA,0.570565321377097
Amylogram,CUTTED286,NA,0.21262879162176
Amylogram,CUTTED1688,NA,0.706865076287494
Amylogram,CUTTED1356,NA,0.583664046050324
Amylogram,CUTTED244,NA,0.675607570808665
Amylogram,CUTTED489,NA,0.839845160894803
Amylogram,CUTTED677,NA,0.0528061464061464
Amylogram,CUTTED1493,NA,0.576585674123491
Amylogram,CUTTED1159,NA,0.323611664492832
Amylogram,CUTTED1066,NA,0.51068948166356
Amylogram,CUTTED1637,NA,0.722482818740443
Amylogram,CUTTED2383,NA,0.8439343028753
Amylogram,CUTTED788,NA,0.744134016204003
Amylogram,CUTTED837,NA,0.618334195218516
Amylogram,CUTTED548,NA,0.686240176411671
Amylogram,CUTTED41,NA,0.160548028959301
Amylogram,CUTTED1776,NA,0.547454291896106
Amylogram,CUTTED423,NA,0.384203600740133
Amylogram,CUTTED1812,NA,0.659366804897092
Amylogram,CUTTED2227,NA,0.811032844053182
Amylogram,CUTTED2396,NA,0.520415062046222
Amylogram,CUTTED293,NA,0.450691651113665
Amylogram,CUTTED280,NA,0.740004369409724
Amylogram,CUTTED477,NA,0.463694688545427
Amylogram,CUTTED172,NA,0.305931236773972
Amylogram,CUTTED2079,NA,0.761213772741108
Amylogram,CUTTED1399,NA,0.719466154926447
Amylogram,CUTTED389,NA,0.336187467305663
Amylogram,CUTTED972,NA,0.468126063968711
Amylogram,CUTTED2194,NA,0.691979268265125
Amylogram,CUTTED2123,NA,0.344280779226823
Amylogram,CUTTED121,NA,0.674702894933445
Amylogram,CUTTED1643,NA,0.643847530009016
Amylogram,CUTTED1075,NA,0.809793185859082
Amylogram,CUTTED1547,NA,0.509515584064653
Amylogram,CUTTED2093,NA,0.567832838408697
Amylogram,CUTTED871,NA,0.632142177607967
Amylogram,CUTTED1614,NA,0.635739516835235
Amylogram,CUTTED2232,NA,0.336068525023466
Amylogram,CUTTED1299,NA,0.309794910447046
Amylogram,CUTTED1861,NA,0.438291152634127
Amylogram,CUTTED1297,NA,0.526726294832331
Amylogram,CUTTED1463,NA,0.698804812741753
Amylogram,CUTTED895,NA,0.812990860049966
Amylogram,CUTTED1324,NA,0.590282105054165
Amylogram,CUTTED713,NA,0.534652420331067
Amylogram,CUTTED2153,NA,0.512327873420762
Amylogram,CUTTED1718,NA,0.240755444555445
Amylogram,CUTTED1443,NA,0.590282105054165
Amylogram,CUTTED338,NA,0.452586772601324
Amylogram,CUTTED602,NA,0.707855927843375
Amylogram,CUTTED2023,NA,0.782045751258696
Amylogram,CUTTED245,NA,0.654249867819488
Amylogram,CUTTED1957,NA,0.729250883124768
Amylogram,CUTTED894,NA,0.539292374343415
Amylogram,CUTTED421,NA,0.5808372256246
Amylogram,CUTTED1043,NA,0.0938411419896909
Amylogram,CUTTED2271,NA,0.544152216080795
Amylogram,CUTTED404,NA,0.716873523990516
Amylogram,CUTTED2246,NA,0.677192609171015
Amylogram,CUTTED2450,NA,0.660874414541089
Amylogram,CUTTED1833,NA,0.821551440460204
Amylogram,CUTTED1366,NA,0.889817000611829
Amylogram,CUTTED2150,NA,0.786027565225164
Amylogram,CUTTED2262,NA,0.787862098383804
Amylogram,CUTTED1408,NA,0.877130027451289
Amylogram,CUTTED2010,NA,0.685471030998826
Amylogram,CUTTED2357,NA,0.245635747187972
Amylogram,CUTTED1091,NA,0.515587594622001
Amylogram,CUTTED308,NA,0.914774817517042
Amylogram,CUTTED2122,NA,0.576407017598364
Amylogram,CUTTED1099,NA,0.532613555130892
Amylogram,CUTTED1818,NA,0.737643887169732
Amylogram,CUTTED13,NA,0.694831683483557
Amylogram,CUTTED869,NA,0.699039089136758
Amylogram,CUTTED1464,NA,0.62423353437317
Amylogram,CUTTED501,NA,0.70835275765575
Amylogram,CUTTED253,NA,0.74757128554452
Amylogram,CUTTED1546,NA,0.648775443197007
Amylogram,CUTTED1177,NA,0.604819716133191
Amylogram,CUTTED2241,NA,0.811999399354333
Amylogram,CUTTED1700,NA,0.766704162160673
Amylogram,CUTTED2315,NA,0.788986467032192
Amylogram,CUTTED2005,NA,0.453496829998703
Amylogram,CUTTED755,NA,0.609961399519193
Amylogram,CUTTED1906,NA,0.754571740024681
Amylogram,CUTTED2084,NA,0.699039089136758
Amylogram,CUTTED2041,NA,0.33127630267252
Amylogram,CUTTED1402,NA,0.746645504877434
Amylogram,CUTTED2314,NA,0.426035013927698
Amylogram,CUTTED2046,NA,0.725173588993278
Amylogram,CUTTED1617,NA,0.223172437721569
Amylogram,CUTTED402,NA,0.453073904147696
Amylogram,CUTTED461,NA,0.303522017305739
Amylogram,CUTTED2031,NA,0.566808764372534
Amylogram,CUTTED2016,NA,0.577465649221507
Amylogram,CUTTED117,NA,0.537000516536115
Amylogram,CUTTED1800,NA,0.418965171015171
Amylogram,CUTTED1719,NA,0.644855820444487
Amylogram,CUTTED1953,NA,0.537338460823419
Amylogram,CUTTED1218,NA,0.676784730160414
Amylogram,CUTTED613,NA,0.305325293174312
Amylogram,CUTTED1448,NA,0.417164956282829
Amylogram,CUTTED2323,NA,0.820582856339987
Amylogram,CUTTED1103,NA,0.541723976354693
Amylogram,CUTTED195,NA,0.888714562114498
Amylogram,CUTTED615,NA,0.830782716450322
Amylogram,CUTTED2413,NA,0.725705353578883
Amylogram,CUTTED1326,NA,0.829349982947048
Amylogram,CUTTED1454,NA,0.838083502333738
Amylogram,CUTTED191,NA,0.862681743572924
Amylogram,CUTTED965,NA,0.693466779871477
Amylogram,CUTTED1462,NA,0.378928192537043
Amylogram,CUTTED744,NA,0.59909275322777
Amylogram,CUTTED173,NA,0.881126983356101
Amylogram,CUTTED841,NA,0.77152873485447
Amylogram,CUTTED110,NA,0.305415391308038
Amylogram,CUTTED893,NA,0.540318495802807
Amylogram,CUTTED1235,NA,0.762764012332307
Amylogram,CUTTED2081,NA,0.753217281052281
Amylogram,CUTTED1851,NA,0.778787165955471
Amylogram,CUTTED2409,NA,0.789486767679163
Amylogram,CUTTED2116,NA,0.821551440460204
Amylogram,CUTTED1683,NA,0.883628667541609
Amylogram,CUTTED561,NA,0.703550868815659
Amylogram,CUTTED2174,NA,0.62075150960926
Amylogram,CUTTED364,NA,0.881126983356101
Amylogram,CUTTED10,NA,0.725116677811622
Amylogram,CUTTED2391,NA,0.793193253174092
Amylogram,CUTTED1761,NA,0.751025090695429
Amylogram,CUTTED2028,NA,0.819497866328896
Amylogram,CUTTED1152,NA,0.523297413419054
Amylogram,CUTTED2433,NA,0.853290971216631
Amylogram,CUTTED164,NA,0.862681743572924
Amylogram,CUTTED405,NA,0.549628878620817
Amylogram,CUTTED111,NA,0.705480153521314
Amylogram,CUTTED771,NA,0.684560620588562
Amylogram,CUTTED791,NA,0.864403334029804
Amylogram,CUTTED1002,NA,0.545561261645695
Amylogram,CUTTED263,NA,0.754064931059366
Amylogram,CUTTED2234,NA,0.737030203461646
Amylogram,CUTTED1891,NA,0.684736400874991
Amylogram,CUTTED1875,NA,0.576831205359654
Amylogram,CUTTED777,NA,0.91317522183355
Amylogram,CUTTED2365,NA,0.704865768713745
Amylogram,CUTTED521,NA,0.872335769619098
Amylogram,CUTTED941,NA,0.755851588628763
Amylogram,CUTTED9,NA,0.889817000611829
Amylogram,CUTTED108,NA,0.468600122100122
Amylogram,CUTTED963,NA,0.889817000611829
Amylogram,CUTTED1814,NA,0.826395328831225
Amylogram,CUTTED1496,NA,0.766214891955485
Amylogram,CUTTED1633,NA,0.630210617193837
Amylogram,CUTTED876,NA,0.678376337772479
Amylogram,CUTTED1201,NA,0.858967046254399
Amylogram,CUTTED774,NA,0.751025090695429
AVPred,dbAMP_01779,FALSE,NA
AVPred,dbAMP_11786,FALSE,NA
AVPred,dbAMP_00990,FALSE,NA
AVPred,dbAMP_02059,FALSE,NA
AVPred,dbAMP_04824,TRUE,NA
AVPred,dbAMP_02137,FALSE,NA
AVPred,dbAMP_01808,FALSE,NA
AVPred,dbAMP_05248,FALSE,NA
AVPred,dbAMP_01768,FALSE,NA
AVPred,dbAMP_02002,FALSE,NA
AVPred,dbAMP_03284,FALSE,NA
AVPred,dbAMP_09683,FALSE,NA
AVPred,dbAMP_03274,TRUE,NA
AVPred,dbAMP_01708,FALSE,NA
AVPred,dbAMP_11270,FALSE,NA
AVPred,dbAMP_02132,FALSE,NA
AVPred,dbAMP_02997,FALSE,NA
AVPred,dbAMP_02187,FALSE,NA
AVPred,dbAMP_01263,TRUE,NA
AVPred,dbAMP_01883,FALSE,NA
AVPred,dbAMP_01774,FALSE,NA
AVPred,dbAMP_02190,FALSE,NA
AVPred,dbAMP_04121,FALSE,NA
AVPred,dbAMP_04457,FALSE,NA
AVPred,dbAMP_03496,FALSE,NA
AVPred,dbAMP_04195,FALSE,NA
AVPred,dbAMP_02655,TRUE,NA
AVPred,dbAMP_02326,FALSE,NA
AVPred,dbAMP_04799,FALSE,NA
AVPred,dbAMP_02101,FALSE,NA
AVPred,dbAMP_02703,FALSE,NA
AVPred,dbAMP_02596,FALSE,NA
AVPred,dbAMP_01821,FALSE,NA
AVPred,dbAMP_01850,FALSE,NA
AVPred,dbAMP_04358,TRUE,NA
AVPred,dbAMP_05035,FALSE,NA
AVPred,dbAMP_01227,FALSE,NA
AVPred,dbAMP_00502,FALSE,NA
AVPred,dbAMP_02268,FALSE,NA
AVPred,dbAMP_02136,FALSE,NA
AVPred,dbAMP_00301,FALSE,NA
AVPred,dbAMP_04980,FALSE,NA
AVPred,dbAMP_10563,FALSE,NA
AVPred,dbAMP_02091,FALSE,NA
AVPred,dbAMP_10018,FALSE,NA
AVPred,dbAMP_05096,TRUE,NA
AVPred,dbAMP_03283,FALSE,NA
AVPred,dbAMP_02711,FALSE,NA
AVPred,dbAMP_11047,FALSE,NA
AVPred,dbAMP_02224,FALSE,NA
AVPred,dbAMP_10199,FALSE,NA
AVPred,dbAMP_02105,FALSE,NA
AVPred,dbAMP_00730,FALSE,NA
AVPred,dbAMP_04321,FALSE,NA
AVPred,dbAMP_02708,FALSE,NA
AVPred,dbAMP_01652,FALSE,NA
AVPred,dbAMP_02682,FALSE,NA
AVPred,dbAMP_02129,FALSE,NA
AVPred,dbAMP_00956,FALSE,NA
AVPred,dbAMP_00677,FALSE,NA
AVPred,dbAMP_04904,TRUE,NA
AVPred,dbAMP_02825,FALSE,NA
AVPred,dbAMP_04382,TRUE,NA
AVPred,dbAMP_09967,TRUE,NA
AVPred,dbAMP_03640,TRUE,NA
AVPred,dbAMP_00571,FALSE,NA
AVPred,dbAMP_02082,TRUE,NA
AVPred,dbAMP_02636,FALSE,NA
AVPred,dbAMP_01657,TRUE,NA
AVPred,dbAMP_00291,FALSE,NA
AVPred,dbAMP_00696,FALSE,NA
AVPred,dbAMP_04096,FALSE,NA
AVPred,dbAMP_03792,FALSE,NA
AVPred,dbAMP_01658,FALSE,NA
AVPred,dbAMP_01941,FALSE,NA
AVPred,dbAMP_04117,FALSE,NA
AVPred,dbAMP_12373,FALSE,NA
AVPred,dbAMP_02728,FALSE,NA
AVPred,dbAMP_02242,TRUE,NA
AVPred,dbAMP_01654,TRUE,NA
AVPred,dbAMP_09730,FALSE,NA
AVPred,dbAMP_12355,TRUE,NA
AVPred,dbAMP_01914,TRUE,NA
AVPred,dbAMP_03898,FALSE,NA
AVPred,dbAMP_01704,TRUE,NA
AVPred,dbAMP_02960,FALSE,NA
AVPred,dbAMP_04722,FALSE,NA
AVPred,dbAMP_02400,TRUE,NA
AVPred,dbAMP_12383,FALSE,NA
AVPred,dbAMP_04309,FALSE,NA
AVPred,dbAMP_05294,TRUE,NA
AVPred,dbAMP_00438,FALSE,NA
AVPred,dbAMP_02053,TRUE,NA
AVPred,dbAMP_00896,FALSE,NA
AVPred,dbAMP_01610,FALSE,NA
AVPred,dbAMP_10501,FALSE,NA
AVPred,dbAMP_09865,FALSE,NA
AVPred,dbAMP_04237,FALSE,NA
AVPred,dbAMP_01501,FALSE,NA
AVPred,dbAMP_11756,TRUE,NA
AVPred,dbAMP_04826,FALSE,NA
AVPred,dbAMP_11158,FALSE,NA
AVPred,dbAMP_09693,TRUE,NA
AVPred,dbAMP_11722,FALSE,NA
AVPred,dbAMP_03046,TRUE,NA
AVPred,dbAMP_03163,TRUE,NA
AVPred,dbAMP_01265,FALSE,NA
AVPred,dbAMP_01140,FALSE,NA
AVPred,dbAMP_11109,TRUE,NA
AVPred,dbAMP_03688,FALSE,NA
AVPred,dbAMP_04377,FALSE,NA
AVPred,dbAMP_09060,FALSE,NA
AVPred,dbAMP_03101,TRUE,NA
AVPred,dbAMP_00174,TRUE,NA
AVPred,dbAMP_01733,TRUE,NA
AVPred,dbAMP_03459,FALSE,NA
AVPred,dbAMP_03821,TRUE,NA
AVPred,dbAMP_04183,TRUE,NA
AVPred,dbAMP_11615,TRUE,NA
AVPred,dbAMP_00818,TRUE,NA
AVPred,dbAMP_03977,TRUE,NA
AVPred,dbAMP_04042,TRUE,NA
AVPred,dbAMP_00369,TRUE,NA
AVPred,dbAMP_02786,TRUE,NA
AVPred,dbAMP_11288,TRUE,NA
AVPred,dbAMP_00081,TRUE,NA
AVPred,dbAMP_00819,TRUE,NA
AVPred,dbAMP_09718,FALSE,NA
AVPred,dbAMP_04424,FALSE,NA
AVPred,dbAMP_11417,FALSE,NA
AVPred,dbAMP_04285,TRUE,NA
AVPred,dbAMP_04830,TRUE,NA
AVPred,dbAMP_03042,FALSE,NA
AVPred,dbAMP_04328,TRUE,NA
AVPred,dbAMP_03671,TRUE,NA
AVPred,dbAMP_03861,TRUE,NA
AVPred,dbAMP_00784,TRUE,NA
AVPred,dbAMP_02340,FALSE,NA
AVPred,dbAMP_03673,FALSE,NA
AVPred,dbAMP_10739,TRUE,NA
AVPred,dbAMP_10810,FALSE,NA
AVPred,dbAMP_00815,TRUE,NA
AVPred,dbAMP_00124,TRUE,NA
AVPred,dbAMP_03879,TRUE,NA
AVPred,dbAMP_02763,TRUE,NA
AVPred,dbAMP_04386,TRUE,NA
AVPred,dbAMP_10969,TRUE,NA
AVPred,dbAMP_05788,TRUE,NA
AVPred,dbAMP_04118,TRUE,NA
AVPred,dbAMP_10732,FALSE,NA
AVPred,dbAMP_04612,TRUE,NA
AVPred,dbAMP_04986,FALSE,NA
AVPred,dbAMP_09029,TRUE,NA
AVPred,dbAMP_00247,TRUE,NA
AVPred,dbAMP_12379,TRUE,NA
AVPred,dbAMP_05296,TRUE,NA
AVPred,dbAMP_04218,FALSE,NA
AVPred,dbAMP_00437,FALSE,NA
AVPred,dbAMP_09925,TRUE,NA
AVPred,dbAMP_11928,TRUE,NA
AVPred,dbAMP_06215,TRUE,NA
AVPred,dbAMP_11911,TRUE,NA
AVPred,dbAMP_10571,TRUE,NA
AVPred,dbAMP_10790,FALSE,NA
AVPred,dbAMP_08943,FALSE,NA
AVPred,dbAMP_02872,TRUE,NA
AVPred,dbAMP_04006,TRUE,NA
AVPred,dbAMP_09669,TRUE,NA
AVPred,dbAMP_02857,TRUE,NA
AVPred,dbAMP_00045,TRUE,NA
AVPred,dbAMP_00600,TRUE,NA
AVPred,dbAMP_04521,TRUE,NA
AVPred,dbAMP_00973,FALSE,NA
AVPred,dbAMP_10713,FALSE,NA
AVPred,dbAMP_01096,FALSE,NA
AVPred,dbAMP_00311,TRUE,NA
AVPred,dbAMP_06032,FALSE,NA
AVPred,dbAMP_05326,FALSE,NA
AVPred,dbAMP_12376,FALSE,NA
AVPred,dbAMP_05643,TRUE,NA
AVPred,dbAMP_01397,TRUE,NA
AVPred,dbAMP_10462,FALSE,NA
AVPred,dbAMP_00132,FALSE,NA
AVPred,dbAMP_09824,TRUE,NA
AVPred,dbAMP_09761,FALSE,NA
AVPred,dbAMP_01647,FALSE,NA
AVPred,dbAMP_01030,FALSE,NA
AVPred,dbAMP_01071,FALSE,NA
AVPred,dbAMP_04410,FALSE,NA
AVPred,dbAMP_05777,FALSE,NA
AVPred,dbAMP_00446,TRUE,NA
AVPred,dbAMP_01650,FALSE,NA
AVPred,dbAMP_02772,TRUE,NA
AVPred,dbAMP_10931,TRUE,NA
AVPred,dbAMP_09705,FALSE,NA
AVPred,dbAMP_05344,TRUE,NA
AVPred,dbAMP_02838,TRUE,NA
AVPred,dbAMP_12270,FALSE,NA
AVPred,dbAMP_12385,TRUE,NA
AVPred,dbAMP_01287,FALSE,NA
AVPred,dbAMP_00701,FALSE,NA
AVPred,dbAMP_06811,FALSE,NA
AVPred,dbAMP_07790,FALSE,NA
AVPred,dbAMP_09002,FALSE,NA
AVPred,dbAMP_12225,FALSE,NA
AVPred,dbAMP_00043,FALSE,NA
AVPred,dbAMP_09573,TRUE,NA
AVPred,dbAMP_10661,FALSE,NA
AVPred,dbAMP_09350,FALSE,NA
AVPred,dbAMP_12368,FALSE,NA
AVPred,dbAMP_09347,FALSE,NA
AVPred,dbAMP_10071,TRUE,NA
AVPred,dbAMP_05768,TRUE,NA
AVPred,dbAMP_00286,FALSE,NA
AVPred,dbAMP_09349,FALSE,NA
AVPred,dbAMP_11549,TRUE,NA
AVPred,dbAMP_09320,FALSE,NA
AVPred,dbAMP_05609,FALSE,NA
AVPred,dbAMP_09451,TRUE,NA
AVPred,dbAMP_00585,FALSE,NA
AVPred,dbAMP_04869,TRUE,NA
AVPred,dbAMP_08936,FALSE,NA
AVPred,dbAMP_09258,TRUE,NA
AVPred,dbAMP_04054,FALSE,NA
AVPred,dbAMP_00731,FALSE,NA
AVPred,dbAMP_06151,FALSE,NA
AVPred,dbAMP_09026,TRUE,NA
AVPred,dbAMP_10093,TRUE,NA
AVPred,dbAMP_05267,FALSE,NA
AVPred,dbAMP_11143,FALSE,NA
AVPred,dbAMP_06507,FALSE,NA
AVPred,dbAMP_04511,FALSE,NA
AVPred,dbAMP_04958,FALSE,NA
AVPred,dbAMP_06081,TRUE,NA
AVPred,dbAMP_06789,FALSE,NA
AVPred,dbAMP_11215,FALSE,NA
AVPred,dbAMP_06264,TRUE,NA
AVPred,dbAMP_02521,TRUE,NA
AVPred,dbAMP_09715,FALSE,NA
AVPred,dbAMP_00436,FALSE,NA
AVPred,dbAMP_07242,FALSE,NA
AVPred,dbAMP_08928,FALSE,NA
AVPred,dbAMP_11141,FALSE,NA
AVPred,dbAMP_12370,FALSE,NA
AVPred,dbAMP_09078,TRUE,NA
AVPred,dbAMP_09043,TRUE,NA
AVPred,dbAMP_07432,FALSE,NA
AVPred,CUTTED257,FALSE,NA
AVPred,CUTTED577,FALSE,NA
AVPred,CUTTED1087,FALSE,NA
AVPred,CUTTED758,FALSE,NA
AVPred,CUTTED2334,FALSE,NA
AVPred,CUTTED1739,FALSE,NA
AVPred,CUTTED125,FALSE,NA
AVPred,CUTTED970,FALSE,NA
AVPred,CUTTED1916,FALSE,NA
AVPred,CUTTED1749,FALSE,NA
AVPred,CUTTED232,FALSE,NA
AVPred,CUTTED2319,FALSE,NA
AVPred,CUTTED176,FALSE,NA
AVPred,CUTTED2147,FALSE,NA
AVPred,CUTTED805,FALSE,NA
AVPred,CUTTED266,FALSE,NA
AVPred,CUTTED2166,FALSE,NA
AVPred,CUTTED1592,FALSE,NA
AVPred,CUTTED1123,FALSE,NA
AVPred,CUTTED454,FALSE,NA
AVPred,CUTTED980,FALSE,NA
AVPred,CUTTED858,FALSE,NA
AVPred,CUTTED1189,FALSE,NA
AVPred,CUTTED1385,FALSE,NA
AVPred,CUTTED1766,FALSE,NA
AVPred,CUTTED2091,FALSE,NA
AVPred,CUTTED1659,FALSE,NA
AVPred,CUTTED718,FALSE,NA
AVPred,CUTTED1020,FALSE,NA
AVPred,CUTTED953,FALSE,NA
AVPred,CUTTED1689,FALSE,NA
AVPred,CUTTED2188,FALSE,NA
AVPred,CUTTED214,FALSE,NA
AVPred,CUTTED288,FALSE,NA
AVPred,CUTTED95,FALSE,NA
AVPred,CUTTED1373,FALSE,NA
AVPred,CUTTED1483,FALSE,NA
AVPred,CUTTED2390,FALSE,NA
AVPred,CUTTED1915,FALSE,NA
AVPred,CUTTED2199,FALSE,NA
AVPred,CUTTED1348,FALSE,NA
AVPred,CUTTED375,FALSE,NA
AVPred,CUTTED1335,FALSE,NA
AVPred,CUTTED1079,FALSE,NA
AVPred,CUTTED392,FALSE,NA
AVPred,CUTTED2343,FALSE,NA
AVPred,CUTTED333,FALSE,NA
AVPred,CUTTED864,FALSE,NA
AVPred,CUTTED1106,FALSE,NA
AVPred,CUTTED1273,FALSE,NA
AVPred,CUTTED696,FALSE,NA
AVPred,CUTTED2225,FALSE,NA
AVPred,CUTTED46,FALSE,NA
AVPred,CUTTED842,FALSE,NA
AVPred,CUTTED1030,FALSE,NA
AVPred,CUTTED410,FALSE,NA
AVPred,CUTTED969,FALSE,NA
AVPred,CUTTED1731,FALSE,NA
AVPred,CUTTED2135,FALSE,NA
AVPred,CUTTED1944,FALSE,NA
AVPred,CUTTED1208,FALSE,NA
AVPred,CUTTED348,FALSE,NA
AVPred,CUTTED645,FALSE,NA
AVPred,CUTTED1298,FALSE,NA
AVPred,CUTTED426,FALSE,NA
AVPred,CUTTED850,FALSE,NA
AVPred,CUTTED1747,FALSE,NA
AVPred,CUTTED515,FALSE,NA
AVPred,CUTTED2063,FALSE,NA
AVPred,CUTTED2203,FALSE,NA
AVPred,CUTTED1065,FALSE,NA
AVPred,CUTTED749,FALSE,NA
AVPred,CUTTED1146,FALSE,NA
AVPred,CUTTED752,FALSE,NA
AVPred,CUTTED690,FALSE,NA
AVPred,CUTTED1282,FALSE,NA
AVPred,CUTTED1276,FALSE,NA
AVPred,CUTTED2067,FALSE,NA
AVPred,CUTTED637,FALSE,NA
AVPred,CUTTED2048,FALSE,NA
AVPred,CUTTED651,FALSE,NA
AVPred,CUTTED1847,TRUE,NA
AVPred,CUTTED1049,FALSE,NA
AVPred,CUTTED1992,FALSE,NA
AVPred,CUTTED1321,FALSE,NA
AVPred,CUTTED1732,FALSE,NA
AVPred,CUTTED1644,FALSE,NA
AVPred,CUTTED92,FALSE,NA
AVPred,CUTTED275,FALSE,NA
AVPred,CUTTED309,FALSE,NA
AVPred,CUTTED644,FALSE,NA
AVPred,CUTTED385,FALSE,NA
AVPred,CUTTED286,FALSE,NA
AVPred,CUTTED1688,TRUE,NA
AVPred,CUTTED1356,FALSE,NA
AVPred,CUTTED244,FALSE,NA
AVPred,CUTTED489,FALSE,NA
AVPred,CUTTED677,FALSE,NA
AVPred,CUTTED1493,FALSE,NA
AVPred,CUTTED1159,FALSE,NA
AVPred,CUTTED1066,FALSE,NA
AVPred,CUTTED1637,FALSE,NA
AVPred,CUTTED2383,TRUE,NA
AVPred,CUTTED788,FALSE,NA
AVPred,CUTTED837,FALSE,NA
AVPred,CUTTED548,FALSE,NA
AVPred,CUTTED41,FALSE,NA
AVPred,CUTTED1776,FALSE,NA
AVPred,CUTTED423,FALSE,NA
AVPred,CUTTED1812,FALSE,NA
AVPred,CUTTED2227,FALSE,NA
AVPred,CUTTED2396,TRUE,NA
AVPred,CUTTED293,FALSE,NA
AVPred,CUTTED280,TRUE,NA
AVPred,CUTTED477,FALSE,NA
AVPred,CUTTED172,FALSE,NA
AVPred,CUTTED2079,TRUE,NA
AVPred,CUTTED1399,FALSE,NA
AVPred,CUTTED389,FALSE,NA
AVPred,CUTTED972,FALSE,NA
AVPred,CUTTED2194,FALSE,NA
AVPred,CUTTED2123,FALSE,NA
AVPred,CUTTED121,FALSE,NA
AVPred,CUTTED1643,FALSE,NA
AVPred,CUTTED1075,FALSE,NA
AVPred,CUTTED1547,FALSE,NA
AVPred,CUTTED2093,FALSE,NA
AVPred,CUTTED871,FALSE,NA
AVPred,CUTTED1614,FALSE,NA
AVPred,CUTTED2232,FALSE,NA
AVPred,CUTTED1299,FALSE,NA
AVPred,CUTTED1861,FALSE,NA
AVPred,CUTTED1297,FALSE,NA
AVPred,CUTTED1463,FALSE,NA
AVPred,CUTTED895,TRUE,NA
AVPred,CUTTED1324,FALSE,NA
AVPred,CUTTED713,FALSE,NA
AVPred,CUTTED2153,FALSE,NA
AVPred,CUTTED1718,FALSE,NA
AVPred,CUTTED1443,FALSE,NA
AVPred,CUTTED338,TRUE,NA
AVPred,CUTTED602,TRUE,NA
AVPred,CUTTED2023,FALSE,NA
AVPred,CUTTED245,FALSE,NA
AVPred,CUTTED1957,FALSE,NA
AVPred,CUTTED894,FALSE,NA
AVPred,CUTTED421,FALSE,NA
AVPred,CUTTED1043,FALSE,NA
AVPred,CUTTED2271,TRUE,NA
AVPred,CUTTED404,TRUE,NA
AVPred,CUTTED2246,FALSE,NA
AVPred,CUTTED2450,FALSE,NA
AVPred,CUTTED1833,FALSE,NA
AVPred,CUTTED1366,FALSE,NA
AVPred,CUTTED2150,FALSE,NA
AVPred,CUTTED2262,FALSE,NA
AVPred,CUTTED1408,FALSE,NA
AVPred,CUTTED2010,TRUE,NA
AVPred,CUTTED2357,FALSE,NA
AVPred,CUTTED1091,TRUE,NA
AVPred,CUTTED308,FALSE,NA
AVPred,CUTTED2122,TRUE,NA
AVPred,CUTTED1099,FALSE,NA
AVPred,CUTTED1818,FALSE,NA
AVPred,CUTTED13,FALSE,NA
AVPred,CUTTED869,FALSE,NA
AVPred,CUTTED1464,TRUE,NA
AVPred,CUTTED501,FALSE,NA
AVPred,CUTTED253,TRUE,NA
AVPred,CUTTED1546,FALSE,NA
AVPred,CUTTED1177,TRUE,NA
AVPred,CUTTED2241,TRUE,NA
AVPred,CUTTED1700,FALSE,NA
AVPred,CUTTED2315,TRUE,NA
AVPred,CUTTED2005,FALSE,NA
AVPred,CUTTED755,TRUE,NA
AVPred,CUTTED1906,FALSE,NA
AVPred,CUTTED2084,FALSE,NA
AVPred,CUTTED2041,FALSE,NA
AVPred,CUTTED1402,FALSE,NA
AVPred,CUTTED2314,FALSE,NA
AVPred,CUTTED2046,FALSE,NA
AVPred,CUTTED1617,FALSE,NA
AVPred,CUTTED402,FALSE,NA
AVPred,CUTTED461,FALSE,NA
AVPred,CUTTED2031,FALSE,NA
AVPred,CUTTED2016,FALSE,NA
AVPred,CUTTED117,FALSE,NA
AVPred,CUTTED1800,FALSE,NA
AVPred,CUTTED1719,FALSE,NA
AVPred,CUTTED1953,FALSE,NA
AVPred,CUTTED1218,FALSE,NA
AVPred,CUTTED613,FALSE,NA
AVPred,CUTTED1448,FALSE,NA
AVPred,CUTTED2323,TRUE,NA
AVPred,CUTTED1103,FALSE,NA
AVPred,CUTTED195,TRUE,NA
AVPred,CUTTED615,FALSE,NA
AVPred,CUTTED2413,TRUE,NA
AVPred,CUTTED1326,FALSE,NA
AVPred,CUTTED1454,TRUE,NA
AVPred,CUTTED191,TRUE,NA
AVPred,CUTTED965,FALSE,NA
AVPred,CUTTED1462,FALSE,NA
AVPred,CUTTED744,TRUE,NA
AVPred,CUTTED173,FALSE,NA
AVPred,CUTTED841,FALSE,NA
AVPred,CUTTED110,FALSE,NA
AVPred,CUTTED893,FALSE,NA
AVPred,CUTTED1235,TRUE,NA
AVPred,CUTTED2081,FALSE,NA
AVPred,CUTTED1851,TRUE,NA
AVPred,CUTTED2409,FALSE,NA
AVPred,CUTTED2116,FALSE,NA
AVPred,CUTTED1683,FALSE,NA
AVPred,CUTTED561,FALSE,NA
AVPred,CUTTED2174,FALSE,NA
AVPred,CUTTED364,TRUE,NA
AVPred,CUTTED10,FALSE,NA
AVPred,CUTTED2391,FALSE,NA
AVPred,CUTTED1761,FALSE,NA
AVPred,CUTTED2028,TRUE,NA
AVPred,CUTTED1152,FALSE,NA
AVPred,CUTTED2433,FALSE,NA
AVPred,CUTTED164,FALSE,NA
AVPred,CUTTED405,FALSE,NA
AVPred,CUTTED111,FALSE,NA
AVPred,CUTTED771,FALSE,NA
AVPred,CUTTED791,FALSE,NA
AVPred,CUTTED1002,TRUE,NA
AVPred,CUTTED263,FALSE,NA
AVPred,CUTTED2234,TRUE,NA
AVPred,CUTTED1891,FALSE,NA
AVPred,CUTTED1875,TRUE,NA
AVPred,CUTTED777,TRUE,NA
AVPred,CUTTED2365,FALSE,NA
AVPred,CUTTED521,FALSE,NA
AVPred,CUTTED941,TRUE,NA
AVPred,CUTTED9,FALSE,NA
AVPred,CUTTED108,FALSE,NA
AVPred,CUTTED963,FALSE,NA
AVPred,CUTTED1814,FALSE,NA
AVPred,CUTTED1496,TRUE,NA
AVPred,CUTTED1633,FALSE,NA
AVPred,CUTTED876,TRUE,NA
AVPred,CUTTED1201,FALSE,NA
AVPred,CUTTED774,TRUE,NA
ADAM-HMM,DBAMP01779,TRUE,NA
ADAM-HMM,DBAMP11786,TRUE,NA
ADAM-HMM,DBAMP00990,TRUE,NA
ADAM-HMM,DBAMP02059,FALSE,NA
ADAM-HMM,DBAMP04824,TRUE,NA
ADAM-HMM,DBAMP02137,TRUE,NA
ADAM-HMM,DBAMP01808,TRUE,NA
ADAM-HMM,DBAMP05248,TRUE,NA
ADAM-HMM,DBAMP01768,FALSE,NA
ADAM-HMM,DBAMP02002,TRUE,NA
ADAM-HMM,DBAMP03284,TRUE,NA
ADAM-HMM,DBAMP09683,TRUE,NA
ADAM-HMM,DBAMP03274,TRUE,NA
ADAM-HMM,DBAMP01708,TRUE,NA
ADAM-HMM,DBAMP11270,TRUE,NA
ADAM-HMM,DBAMP02132,TRUE,NA
ADAM-HMM,DBAMP02997,TRUE,NA
ADAM-HMM,DBAMP02187,TRUE,NA
ADAM-HMM,DBAMP01263,TRUE,NA
ADAM-HMM,DBAMP01883,TRUE,NA
ADAM-HMM,DBAMP01774,TRUE,NA
ADAM-HMM,DBAMP02190,TRUE,NA
ADAM-HMM,DBAMP04121,TRUE,NA
ADAM-HMM,DBAMP04457,TRUE,NA
ADAM-HMM,DBAMP03496,TRUE,NA
ADAM-HMM,DBAMP04195,TRUE,NA
ADAM-HMM,DBAMP02655,TRUE,NA
ADAM-HMM,DBAMP02326,TRUE,NA
ADAM-HMM,DBAMP04799,TRUE,NA
ADAM-HMM,DBAMP02101,TRUE,NA
ADAM-HMM,DBAMP02703,TRUE,NA
ADAM-HMM,DBAMP02596,TRUE,NA
ADAM-HMM,DBAMP01821,TRUE,NA
ADAM-HMM,DBAMP01850,TRUE,NA
ADAM-HMM,DBAMP04358,TRUE,NA
ADAM-HMM,DBAMP05035,TRUE,NA
ADAM-HMM,DBAMP01227,TRUE,NA
ADAM-HMM,DBAMP00502,TRUE,NA
ADAM-HMM,DBAMP02268,TRUE,NA
ADAM-HMM,DBAMP02136,TRUE,NA
ADAM-HMM,DBAMP00301,FALSE,NA
ADAM-HMM,DBAMP04980,TRUE,NA
ADAM-HMM,DBAMP10563,FALSE,NA
ADAM-HMM,DBAMP02091,TRUE,NA
ADAM-HMM,DBAMP10018,FALSE,NA
ADAM-HMM,DBAMP05096,TRUE,NA
ADAM-HMM,DBAMP03283,TRUE,NA
ADAM-HMM,DBAMP02711,TRUE,NA
ADAM-HMM,DBAMP11047,TRUE,NA
ADAM-HMM,DBAMP02224,TRUE,NA
ADAM-HMM,DBAMP10199,TRUE,NA
ADAM-HMM,DBAMP02105,TRUE,NA
ADAM-HMM,DBAMP00730,TRUE,NA
ADAM-HMM,DBAMP04321,TRUE,NA
ADAM-HMM,DBAMP02708,TRUE,NA
ADAM-HMM,DBAMP01652,TRUE,NA
ADAM-HMM,DBAMP02682,TRUE,NA
ADAM-HMM,DBAMP02129,TRUE,NA
ADAM-HMM,DBAMP00956,TRUE,NA
ADAM-HMM,DBAMP00677,TRUE,NA
ADAM-HMM,DBAMP04904,TRUE,NA
ADAM-HMM,DBAMP02825,TRUE,NA
ADAM-HMM,DBAMP04382,TRUE,NA
ADAM-HMM,DBAMP09967,FALSE,NA
ADAM-HMM,DBAMP03640,TRUE,NA
ADAM-HMM,DBAMP00571,FALSE,NA
ADAM-HMM,DBAMP02082,TRUE,NA
ADAM-HMM,DBAMP02636,TRUE,NA
ADAM-HMM,DBAMP01657,TRUE,NA
ADAM-HMM,DBAMP00291,TRUE,NA
ADAM-HMM,DBAMP00696,FALSE,NA
ADAM-HMM,DBAMP04096,TRUE,NA
ADAM-HMM,DBAMP03792,TRUE,NA
ADAM-HMM,DBAMP01658,TRUE,NA
ADAM-HMM,DBAMP01941,TRUE,NA
ADAM-HMM,DBAMP04117,FALSE,NA
ADAM-HMM,DBAMP12373,TRUE,NA
ADAM-HMM,DBAMP02728,TRUE,NA
ADAM-HMM,DBAMP02242,TRUE,NA
ADAM-HMM,DBAMP01654,TRUE,NA
ADAM-HMM,DBAMP09730,TRUE,NA
ADAM-HMM,DBAMP12355,TRUE,NA
ADAM-HMM,DBAMP01914,TRUE,NA
ADAM-HMM,DBAMP03898,TRUE,NA
ADAM-HMM,DBAMP01704,TRUE,NA
ADAM-HMM,DBAMP02960,TRUE,NA
ADAM-HMM,DBAMP04722,TRUE,NA
ADAM-HMM,DBAMP02400,TRUE,NA
ADAM-HMM,DBAMP12383,TRUE,NA
ADAM-HMM,DBAMP04309,TRUE,NA
ADAM-HMM,DBAMP05294,TRUE,NA
ADAM-HMM,DBAMP00438,FALSE,NA
ADAM-HMM,DBAMP02053,TRUE,NA
ADAM-HMM,DBAMP00896,TRUE,NA
ADAM-HMM,DBAMP01610,FALSE,NA
ADAM-HMM,DBAMP10501,TRUE,NA
ADAM-HMM,DBAMP09865,TRUE,NA
ADAM-HMM,DBAMP04237,TRUE,NA
ADAM-HMM,DBAMP01501,TRUE,NA
ADAM-HMM,DBAMP11756,FALSE,NA
ADAM-HMM,DBAMP04826,TRUE,NA
ADAM-HMM,DBAMP11158,TRUE,NA
ADAM-HMM,DBAMP09693,TRUE,NA
ADAM-HMM,DBAMP11722,TRUE,NA
ADAM-HMM,DBAMP03046,TRUE,NA
ADAM-HMM,DBAMP03163,TRUE,NA
ADAM-HMM,DBAMP01265,TRUE,NA
ADAM-HMM,DBAMP01140,TRUE,NA
ADAM-HMM,DBAMP11109,TRUE,NA
ADAM-HMM,DBAMP03688,TRUE,NA
ADAM-HMM,DBAMP04377,TRUE,NA
ADAM-HMM,DBAMP09060,TRUE,NA
ADAM-HMM,DBAMP03101,TRUE,NA
ADAM-HMM,DBAMP00174,TRUE,NA
ADAM-HMM,DBAMP01733,TRUE,NA
ADAM-HMM,DBAMP03459,TRUE,NA
ADAM-HMM,DBAMP03821,TRUE,NA
ADAM-HMM,DBAMP04183,TRUE,NA
ADAM-HMM,DBAMP11615,TRUE,NA
ADAM-HMM,DBAMP00818,TRUE,NA
ADAM-HMM,DBAMP03977,TRUE,NA
ADAM-HMM,DBAMP04042,TRUE,NA
ADAM-HMM,DBAMP00369,TRUE,NA
ADAM-HMM,DBAMP02786,TRUE,NA
ADAM-HMM,DBAMP11288,TRUE,NA
ADAM-HMM,DBAMP00081,TRUE,NA
ADAM-HMM,DBAMP00819,TRUE,NA
ADAM-HMM,DBAMP09718,TRUE,NA
ADAM-HMM,DBAMP04424,TRUE,NA
ADAM-HMM,DBAMP11417,TRUE,NA
ADAM-HMM,DBAMP04285,TRUE,NA
ADAM-HMM,DBAMP04830,TRUE,NA
ADAM-HMM,DBAMP03042,TRUE,NA
ADAM-HMM,DBAMP04328,TRUE,NA
ADAM-HMM,DBAMP03671,TRUE,NA
ADAM-HMM,DBAMP03861,TRUE,NA
ADAM-HMM,DBAMP00784,TRUE,NA
ADAM-HMM,DBAMP02340,TRUE,NA
ADAM-HMM,DBAMP03673,TRUE,NA
ADAM-HMM,DBAMP10739,TRUE,NA
ADAM-HMM,DBAMP10810,TRUE,NA
ADAM-HMM,DBAMP00815,TRUE,NA
ADAM-HMM,DBAMP00124,TRUE,NA
ADAM-HMM,DBAMP03879,TRUE,NA
ADAM-HMM,DBAMP02763,TRUE,NA
ADAM-HMM,DBAMP04386,TRUE,NA
ADAM-HMM,DBAMP10969,TRUE,NA
ADAM-HMM,DBAMP05788,TRUE,NA
ADAM-HMM,DBAMP04118,TRUE,NA
ADAM-HMM,DBAMP10732,TRUE,NA
ADAM-HMM,DBAMP04612,TRUE,NA
ADAM-HMM,DBAMP04986,TRUE,NA
ADAM-HMM,DBAMP09029,TRUE,NA
ADAM-HMM,DBAMP00247,TRUE,NA
ADAM-HMM,DBAMP12379,TRUE,NA
ADAM-HMM,DBAMP05296,FALSE,NA
ADAM-HMM,DBAMP04218,TRUE,NA
ADAM-HMM,DBAMP00437,TRUE,NA
ADAM-HMM,DBAMP09925,TRUE,NA
ADAM-HMM,DBAMP11928,TRUE,NA
ADAM-HMM,DBAMP06215,TRUE,NA
ADAM-HMM,DBAMP11911,TRUE,NA
ADAM-HMM,DBAMP10571,TRUE,NA
ADAM-HMM,DBAMP10790,TRUE,NA
ADAM-HMM,DBAMP08943,TRUE,NA
ADAM-HMM,DBAMP02872,TRUE,NA
ADAM-HMM,DBAMP04006,TRUE,NA
ADAM-HMM,DBAMP09669,TRUE,NA
ADAM-HMM,DBAMP02857,TRUE,NA
ADAM-HMM,DBAMP00045,TRUE,NA
ADAM-HMM,DBAMP00600,TRUE,NA
ADAM-HMM,DBAMP04521,TRUE,NA
ADAM-HMM,DBAMP00973,TRUE,NA
ADAM-HMM,DBAMP10713,TRUE,NA
ADAM-HMM,DBAMP01096,TRUE,NA
ADAM-HMM,DBAMP00311,TRUE,NA
ADAM-HMM,DBAMP06032,TRUE,NA
ADAM-HMM,DBAMP05326,TRUE,NA
ADAM-HMM,DBAMP12376,TRUE,NA
ADAM-HMM,DBAMP05643,TRUE,NA
ADAM-HMM,DBAMP01397,TRUE,NA
ADAM-HMM,DBAMP10462,TRUE,NA
ADAM-HMM,DBAMP00132,TRUE,NA
ADAM-HMM,DBAMP09824,TRUE,NA
ADAM-HMM,DBAMP09761,TRUE,NA
ADAM-HMM,DBAMP01647,TRUE,NA
ADAM-HMM,DBAMP01030,TRUE,NA
ADAM-HMM,DBAMP01071,TRUE,NA
ADAM-HMM,DBAMP04410,TRUE,NA
ADAM-HMM,DBAMP05777,TRUE,NA
ADAM-HMM,DBAMP00446,TRUE,NA
ADAM-HMM,DBAMP01650,TRUE,NA
ADAM-HMM,DBAMP02772,TRUE,NA
ADAM-HMM,DBAMP10931,TRUE,NA
ADAM-HMM,DBAMP09705,TRUE,NA
ADAM-HMM,DBAMP05344,TRUE,NA
ADAM-HMM,DBAMP02838,TRUE,NA
ADAM-HMM,DBAMP12270,TRUE,NA
ADAM-HMM,DBAMP12385,TRUE,NA
ADAM-HMM,DBAMP01287,TRUE,NA
ADAM-HMM,DBAMP00701,TRUE,NA
ADAM-HMM,DBAMP06811,TRUE,NA
ADAM-HMM,DBAMP07790,TRUE,NA
ADAM-HMM,DBAMP09002,TRUE,NA
ADAM-HMM,DBAMP12225,TRUE,NA
ADAM-HMM,DBAMP00043,FALSE,NA
ADAM-HMM,DBAMP09573,TRUE,NA
ADAM-HMM,DBAMP10661,FALSE,NA
ADAM-HMM,DBAMP09350,TRUE,NA
ADAM-HMM,DBAMP12368,TRUE,NA
ADAM-HMM,DBAMP09347,FALSE,NA
ADAM-HMM,DBAMP10071,TRUE,NA
ADAM-HMM,DBAMP05768,TRUE,NA
ADAM-HMM,DBAMP00286,TRUE,NA
ADAM-HMM,DBAMP09349,TRUE,NA
ADAM-HMM,DBAMP11549,TRUE,NA
ADAM-HMM,DBAMP09320,TRUE,NA
ADAM-HMM,DBAMP05609,TRUE,NA
ADAM-HMM,DBAMP09451,FALSE,NA
ADAM-HMM,DBAMP00585,TRUE,NA
ADAM-HMM,DBAMP04869,TRUE,NA
ADAM-HMM,DBAMP08936,TRUE,NA
ADAM-HMM,DBAMP09258,TRUE,NA
ADAM-HMM,DBAMP04054,FALSE,NA
ADAM-HMM,DBAMP00731,TRUE,NA
ADAM-HMM,DBAMP06151,TRUE,NA
ADAM-HMM,DBAMP09026,TRUE,NA
ADAM-HMM,DBAMP10093,TRUE,NA
ADAM-HMM,DBAMP05267,TRUE,NA
ADAM-HMM,DBAMP11143,TRUE,NA
ADAM-HMM,DBAMP06507,TRUE,NA
ADAM-HMM,DBAMP04511,TRUE,NA
ADAM-HMM,DBAMP04958,FALSE,NA
ADAM-HMM,DBAMP06081,TRUE,NA
ADAM-HMM,DBAMP06789,TRUE,NA
ADAM-HMM,DBAMP11215,TRUE,NA
ADAM-HMM,DBAMP06264,TRUE,NA
ADAM-HMM,DBAMP02521,TRUE,NA
ADAM-HMM,DBAMP09715,TRUE,NA
ADAM-HMM,DBAMP00436,TRUE,NA
ADAM-HMM,DBAMP07242,TRUE,NA
ADAM-HMM,DBAMP08928,TRUE,NA
ADAM-HMM,DBAMP11141,TRUE,NA
ADAM-HMM,DBAMP12370,TRUE,NA
ADAM-HMM,DBAMP09078,TRUE,NA
ADAM-HMM,DBAMP09043,TRUE,NA
ADAM-HMM,DBAMP07432,FALSE,NA
ADAM-HMM,CUTTED257,FALSE,NA
ADAM-HMM,CUTTED577,FALSE,NA
ADAM-HMM,CUTTED1087,FALSE,NA
ADAM-HMM,CUTTED758,FALSE,NA
ADAM-HMM,CUTTED2334,FALSE,NA
ADAM-HMM,CUTTED1739,FALSE,NA
ADAM-HMM,CUTTED125,FALSE,NA
ADAM-HMM,CUTTED970,FALSE,NA
ADAM-HMM,CUTTED1916,FALSE,NA
ADAM-HMM,CUTTED1749,FALSE,NA
ADAM-HMM,CUTTED232,FALSE,NA
ADAM-HMM,CUTTED2319,FALSE,NA
ADAM-HMM,CUTTED176,FALSE,NA
ADAM-HMM,CUTTED2147,FALSE,NA
ADAM-HMM,CUTTED805,TRUE,NA
ADAM-HMM,CUTTED266,FALSE,NA
ADAM-HMM,CUTTED2166,FALSE,NA
ADAM-HMM,CUTTED1592,FALSE,NA
ADAM-HMM,CUTTED1123,FALSE,NA
ADAM-HMM,CUTTED454,FALSE,NA
ADAM-HMM,CUTTED980,FALSE,NA
ADAM-HMM,CUTTED858,FALSE,NA
ADAM-HMM,CUTTED1189,FALSE,NA
ADAM-HMM,CUTTED1385,FALSE,NA
ADAM-HMM,CUTTED1766,FALSE,NA
ADAM-HMM,CUTTED2091,FALSE,NA
ADAM-HMM,CUTTED1659,FALSE,NA
ADAM-HMM,CUTTED718,FALSE,NA
ADAM-HMM,CUTTED1020,FALSE,NA
ADAM-HMM,CUTTED953,FALSE,NA
ADAM-HMM,CUTTED1689,FALSE,NA
ADAM-HMM,CUTTED2188,FALSE,NA
ADAM-HMM,CUTTED214,FALSE,NA
ADAM-HMM,CUTTED288,FALSE,NA
ADAM-HMM,CUTTED95,FALSE,NA
ADAM-HMM,CUTTED1373,FALSE,NA
ADAM-HMM,CUTTED1483,FALSE,NA
ADAM-HMM,CUTTED2390,FALSE,NA
ADAM-HMM,CUTTED1915,FALSE,NA
ADAM-HMM,CUTTED2199,FALSE,NA
ADAM-HMM,CUTTED1348,FALSE,NA
ADAM-HMM,CUTTED375,FALSE,NA
ADAM-HMM,CUTTED1335,FALSE,NA
ADAM-HMM,CUTTED1079,FALSE,NA
ADAM-HMM,CUTTED392,FALSE,NA
ADAM-HMM,CUTTED2343,FALSE,NA
ADAM-HMM,CUTTED333,FALSE,NA
ADAM-HMM,CUTTED864,FALSE,NA
ADAM-HMM,CUTTED1106,FALSE,NA
ADAM-HMM,CUTTED1273,FALSE,NA
ADAM-HMM,CUTTED696,FALSE,NA
ADAM-HMM,CUTTED2225,FALSE,NA
ADAM-HMM,CUTTED46,FALSE,NA
ADAM-HMM,CUTTED842,FALSE,NA
ADAM-HMM,CUTTED1030,FALSE,NA
ADAM-HMM,CUTTED410,FALSE,NA
ADAM-HMM,CUTTED969,FALSE,NA
ADAM-HMM,CUTTED1731,FALSE,NA
ADAM-HMM,CUTTED2135,FALSE,NA
ADAM-HMM,CUTTED1944,TRUE,NA
ADAM-HMM,CUTTED1208,FALSE,NA
ADAM-HMM,CUTTED348,TRUE,NA
ADAM-HMM,CUTTED645,FALSE,NA
ADAM-HMM,CUTTED1298,FALSE,NA
ADAM-HMM,CUTTED426,FALSE,NA
ADAM-HMM,CUTTED850,FALSE,NA
ADAM-HMM,CUTTED1747,FALSE,NA
ADAM-HMM,CUTTED515,FALSE,NA
ADAM-HMM,CUTTED2063,FALSE,NA
ADAM-HMM,CUTTED2203,FALSE,NA
ADAM-HMM,CUTTED1065,FALSE,NA
ADAM-HMM,CUTTED749,FALSE,NA
ADAM-HMM,CUTTED1146,FALSE,NA
ADAM-HMM,CUTTED752,FALSE,NA
ADAM-HMM,CUTTED690,FALSE,NA
ADAM-HMM,CUTTED1282,FALSE,NA
ADAM-HMM,CUTTED1276,FALSE,NA
ADAM-HMM,CUTTED2067,FALSE,NA
ADAM-HMM,CUTTED637,FALSE,NA
ADAM-HMM,CUTTED2048,FALSE,NA
ADAM-HMM,CUTTED651,FALSE,NA
ADAM-HMM,CUTTED1847,FALSE,NA
ADAM-HMM,CUTTED1049,FALSE,NA
ADAM-HMM,CUTTED1992,FALSE,NA
ADAM-HMM,CUTTED1321,FALSE,NA
ADAM-HMM,CUTTED1732,FALSE,NA
ADAM-HMM,CUTTED1644,FALSE,NA
ADAM-HMM,CUTTED92,FALSE,NA
ADAM-HMM,CUTTED275,FALSE,NA
ADAM-HMM,CUTTED309,FALSE,NA
ADAM-HMM,CUTTED644,FALSE,NA
ADAM-HMM,CUTTED385,FALSE,NA
ADAM-HMM,CUTTED286,FALSE,NA
ADAM-HMM,CUTTED1688,FALSE,NA
ADAM-HMM,CUTTED1356,FALSE,NA
ADAM-HMM,CUTTED244,FALSE,NA
ADAM-HMM,CUTTED489,FALSE,NA
ADAM-HMM,CUTTED677,FALSE,NA
ADAM-HMM,CUTTED1493,FALSE,NA
ADAM-HMM,CUTTED1159,FALSE,NA
ADAM-HMM,CUTTED1066,FALSE,NA
ADAM-HMM,CUTTED1637,FALSE,NA
ADAM-HMM,CUTTED2383,FALSE,NA
ADAM-HMM,CUTTED788,FALSE,NA
ADAM-HMM,CUTTED837,FALSE,NA
ADAM-HMM,CUTTED548,FALSE,NA
ADAM-HMM,CUTTED41,FALSE,NA
ADAM-HMM,CUTTED1776,FALSE,NA
ADAM-HMM,CUTTED423,FALSE,NA
ADAM-HMM,CUTTED1812,FALSE,NA
ADAM-HMM,CUTTED2227,FALSE,NA
ADAM-HMM,CUTTED2396,FALSE,NA
ADAM-HMM,CUTTED293,FALSE,NA
ADAM-HMM,CUTTED280,FALSE,NA
ADAM-HMM,CUTTED477,FALSE,NA
ADAM-HMM,CUTTED172,FALSE,NA
ADAM-HMM,CUTTED2079,FALSE,NA
ADAM-HMM,CUTTED1399,FALSE,NA
ADAM-HMM,CUTTED389,FALSE,NA
ADAM-HMM,CUTTED972,FALSE,NA
ADAM-HMM,CUTTED2194,FALSE,NA
ADAM-HMM,CUTTED2123,FALSE,NA
ADAM-HMM,CUTTED121,FALSE,NA
ADAM-HMM,CUTTED1643,FALSE,NA
ADAM-HMM,CUTTED1075,FALSE,NA
ADAM-HMM,CUTTED1547,FALSE,NA
ADAM-HMM,CUTTED2093,FALSE,NA
ADAM-HMM,CUTTED871,FALSE,NA
ADAM-HMM,CUTTED1614,FALSE,NA
ADAM-HMM,CUTTED2232,FALSE,NA
ADAM-HMM,CUTTED1299,FALSE,NA
ADAM-HMM,CUTTED1861,FALSE,NA
ADAM-HMM,CUTTED1297,FALSE,NA
ADAM-HMM,CUTTED1463,FALSE,NA
ADAM-HMM,CUTTED895,FALSE,NA
ADAM-HMM,CUTTED1324,FALSE,NA
ADAM-HMM,CUTTED713,FALSE,NA
ADAM-HMM,CUTTED2153,FALSE,NA
ADAM-HMM,CUTTED1718,FALSE,NA
ADAM-HMM,CUTTED1443,FALSE,NA
ADAM-HMM,CUTTED338,FALSE,NA
ADAM-HMM,CUTTED602,FALSE,NA
ADAM-HMM,CUTTED2023,FALSE,NA
ADAM-HMM,CUTTED245,FALSE,NA
ADAM-HMM,CUTTED1957,FALSE,NA
ADAM-HMM,CUTTED894,TRUE,NA
ADAM-HMM,CUTTED421,FALSE,NA
ADAM-HMM,CUTTED1043,TRUE,NA
ADAM-HMM,CUTTED2271,FALSE,NA
ADAM-HMM,CUTTED404,FALSE,NA
ADAM-HMM,CUTTED2246,FALSE,NA
ADAM-HMM,CUTTED2450,FALSE,NA
ADAM-HMM,CUTTED1833,FALSE,NA
ADAM-HMM,CUTTED1366,FALSE,NA
ADAM-HMM,CUTTED2150,FALSE,NA
ADAM-HMM,CUTTED2262,FALSE,NA
ADAM-HMM,CUTTED1408,FALSE,NA
ADAM-HMM,CUTTED2010,FALSE,NA
ADAM-HMM,CUTTED2357,TRUE,NA
ADAM-HMM,CUTTED1091,FALSE,NA
ADAM-HMM,CUTTED308,FALSE,NA
ADAM-HMM,CUTTED2122,FALSE,NA
ADAM-HMM,CUTTED1099,FALSE,NA
ADAM-HMM,CUTTED1818,FALSE,NA
ADAM-HMM,CUTTED13,FALSE,NA
ADAM-HMM,CUTTED869,FALSE,NA
ADAM-HMM,CUTTED1464,FALSE,NA
ADAM-HMM,CUTTED501,FALSE,NA
ADAM-HMM,CUTTED253,FALSE,NA
ADAM-HMM,CUTTED1546,FALSE,NA
ADAM-HMM,CUTTED1177,FALSE,NA
ADAM-HMM,CUTTED2241,FALSE,NA
ADAM-HMM,CUTTED1700,FALSE,NA
ADAM-HMM,CUTTED2315,FALSE,NA
ADAM-HMM,CUTTED2005,FALSE,NA
ADAM-HMM,CUTTED755,FALSE,NA
ADAM-HMM,CUTTED1906,FALSE,NA
ADAM-HMM,CUTTED2084,FALSE,NA
ADAM-HMM,CUTTED2041,FALSE,NA
ADAM-HMM,CUTTED1402,FALSE,NA
ADAM-HMM,CUTTED2314,FALSE,NA
ADAM-HMM,CUTTED2046,FALSE,NA
ADAM-HMM,CUTTED1617,TRUE,NA
ADAM-HMM,CUTTED402,FALSE,NA
ADAM-HMM,CUTTED461,FALSE,NA
ADAM-HMM,CUTTED2031,FALSE,NA
ADAM-HMM,CUTTED2016,FALSE,NA
ADAM-HMM,CUTTED117,FALSE,NA
ADAM-HMM,CUTTED1800,TRUE,NA
ADAM-HMM,CUTTED1719,FALSE,NA
ADAM-HMM,CUTTED1953,FALSE,NA
ADAM-HMM,CUTTED1218,FALSE,NA
ADAM-HMM,CUTTED613,FALSE,NA
ADAM-HMM,CUTTED1448,FALSE,NA
ADAM-HMM,CUTTED2323,FALSE,NA
ADAM-HMM,CUTTED1103,FALSE,NA
ADAM-HMM,CUTTED195,FALSE,NA
ADAM-HMM,CUTTED615,FALSE,NA
ADAM-HMM,CUTTED2413,FALSE,NA
ADAM-HMM,CUTTED1326,FALSE,NA
ADAM-HMM,CUTTED1454,FALSE,NA
ADAM-HMM,CUTTED191,FALSE,NA
ADAM-HMM,CUTTED965,FALSE,NA
ADAM-HMM,CUTTED1462,TRUE,NA
ADAM-HMM,CUTTED744,FALSE,NA
ADAM-HMM,CUTTED173,FALSE,NA
ADAM-HMM,CUTTED841,FALSE,NA
ADAM-HMM,CUTTED110,FALSE,NA
ADAM-HMM,CUTTED893,FALSE,NA
ADAM-HMM,CUTTED1235,FALSE,NA
ADAM-HMM,CUTTED2081,FALSE,NA
ADAM-HMM,CUTTED1851,TRUE,NA
ADAM-HMM,CUTTED2409,FALSE,NA
ADAM-HMM,CUTTED2116,FALSE,NA
ADAM-HMM,CUTTED1683,FALSE,NA
ADAM-HMM,CUTTED561,TRUE,NA
ADAM-HMM,CUTTED2174,FALSE,NA
ADAM-HMM,CUTTED364,FALSE,NA
ADAM-HMM,CUTTED10,FALSE,NA
ADAM-HMM,CUTTED2391,FALSE,NA
ADAM-HMM,CUTTED1761,FALSE,NA
ADAM-HMM,CUTTED2028,FALSE,NA
ADAM-HMM,CUTTED1152,FALSE,NA
ADAM-HMM,CUTTED2433,FALSE,NA
ADAM-HMM,CUTTED164,FALSE,NA
ADAM-HMM,CUTTED405,FALSE,NA
ADAM-HMM,CUTTED111,FALSE,NA
ADAM-HMM,CUTTED771,FALSE,NA
ADAM-HMM,CUTTED791,FALSE,NA
ADAM-HMM,CUTTED1002,FALSE,NA
ADAM-HMM,CUTTED263,FALSE,NA
ADAM-HMM,CUTTED2234,FALSE,NA
ADAM-HMM,CUTTED1891,FALSE,NA
ADAM-HMM,CUTTED1875,FALSE,NA
ADAM-HMM,CUTTED777,FALSE,NA
ADAM-HMM,CUTTED2365,TRUE,NA
ADAM-HMM,CUTTED521,FALSE,NA
ADAM-HMM,CUTTED941,FALSE,NA
ADAM-HMM,CUTTED9,FALSE,NA
ADAM-HMM,CUTTED108,FALSE,NA
ADAM-HMM,CUTTED963,FALSE,NA
ADAM-HMM,CUTTED1814,FALSE,NA
ADAM-HMM,CUTTED1496,FALSE,NA
ADAM-HMM,CUTTED1633,FALSE,NA
ADAM-HMM,CUTTED876,FALSE,NA
ADAM-HMM,CUTTED1201,FALSE,NA
ADAM-HMM,CUTTED774,FALSE,NA
iAMP,dbAMP_01779,TRUE,NA
iAMP,dbAMP_11270,TRUE,NA
iAMP,dbAMP_09693,TRUE,NA
iAMP,dbAMP_00819,TRUE,NA
iAMP,dbAMP_00815,TRUE,NA
iAMP,dbAMP_02763,TRUE,NA
iAMP,dbAMP_10462,TRUE,NA
iAMP,dbAMP_05326,TRUE,NA
iAMP,dbAMP_04285,TRUE,NA
iAMP,dbAMP_04118,TRUE,NA
iAMP,dbAMP_11786,TRUE,NA
iAMP,dbAMP_00990,TRUE,NA
iAMP,dbAMP_02059,TRUE,NA
iAMP,dbAMP_04824,TRUE,NA
iAMP,dbAMP_02137,TRUE,NA
iAMP,dbAMP_01808,TRUE,NA
iAMP,dbAMP_01768,TRUE,NA
iAMP,dbAMP_02002,TRUE,NA
iAMP,dbAMP_03284,TRUE,NA
iAMP,dbAMP_09683,TRUE,NA
iAMP,dbAMP_01708,TRUE,NA
iAMP,dbAMP_02132,TRUE,NA
iAMP,dbAMP_01883,TRUE,NA
iAMP,dbAMP_01774,TRUE,NA
iAMP,dbAMP_02190,TRUE,NA
iAMP,dbAMP_03496,TRUE,NA
iAMP,dbAMP_04195,TRUE,NA
iAMP,dbAMP_02101,TRUE,NA
iAMP,dbAMP_02703,TRUE,NA
iAMP,dbAMP_01850,TRUE,NA
iAMP,dbAMP_02268,TRUE,NA
iAMP,dbAMP_02136,TRUE,NA
iAMP,dbAMP_00301,TRUE,NA
iAMP,dbAMP_02091,TRUE,NA
iAMP,dbAMP_03283,TRUE,NA
iAMP,dbAMP_02711,TRUE,NA
iAMP,dbAMP_11047,TRUE,NA
iAMP,dbAMP_02224,TRUE,NA
iAMP,dbAMP_02105,TRUE,NA
iAMP,dbAMP_00730,TRUE,NA
iAMP,dbAMP_04321,TRUE,NA
iAMP,dbAMP_01652,TRUE,NA
iAMP,dbAMP_02682,TRUE,NA
iAMP,dbAMP_00956,TRUE,NA
iAMP,dbAMP_00677,TRUE,NA
iAMP,dbAMP_02636,TRUE,NA
iAMP,dbAMP_00291,TRUE,NA
iAMP,dbAMP_01941,TRUE,NA
iAMP,dbAMP_12373,TRUE,NA
iAMP,dbAMP_03898,TRUE,NA
iAMP,dbAMP_02960,TRUE,NA
iAMP,dbAMP_04722,TRUE,NA
iAMP,dbAMP_02400,TRUE,NA
iAMP,dbAMP_12383,TRUE,NA
iAMP,dbAMP_04309,TRUE,NA
iAMP,dbAMP_00896,TRUE,NA
iAMP,dbAMP_01610,TRUE,NA
iAMP,dbAMP_10501,TRUE,NA
iAMP,dbAMP_09865,TRUE,NA
iAMP,dbAMP_11756,TRUE,NA
iAMP,dbAMP_04826,TRUE,NA
iAMP,dbAMP_11158,TRUE,NA
iAMP,dbAMP_03046,TRUE,NA
iAMP,dbAMP_01140,TRUE,NA
iAMP,dbAMP_11109,TRUE,NA
iAMP,dbAMP_03688,TRUE,NA
iAMP,dbAMP_04377,TRUE,NA
iAMP,dbAMP_01733,TRUE,NA
iAMP,dbAMP_03459,TRUE,NA
iAMP,dbAMP_03821,TRUE,NA
iAMP,dbAMP_11615,TRUE,NA
iAMP,dbAMP_00818,TRUE,NA
iAMP,dbAMP_03977,TRUE,NA
iAMP,dbAMP_04042,TRUE,NA
iAMP,dbAMP_00081,TRUE,NA
iAMP,dbAMP_09718,TRUE,NA
iAMP,dbAMP_11417,TRUE,NA
iAMP,dbAMP_03042,TRUE,NA
iAMP,dbAMP_03671,TRUE,NA
iAMP,dbAMP_03861,TRUE,NA
iAMP,dbAMP_00784,TRUE,NA
iAMP,dbAMP_02340,TRUE,NA
iAMP,dbAMP_03673,TRUE,NA
iAMP,dbAMP_10810,TRUE,NA
iAMP,dbAMP_04386,TRUE,NA
iAMP,dbAMP_10969,TRUE,NA
iAMP,dbAMP_10732,TRUE,NA
iAMP,dbAMP_04612,TRUE,NA
iAMP,dbAMP_12379,TRUE,NA
iAMP,dbAMP_04218,TRUE,NA
iAMP,dbAMP_00437,TRUE,NA
iAMP,dbAMP_06215,TRUE,NA
iAMP,dbAMP_11911,TRUE,NA
iAMP,dbAMP_10571,TRUE,NA
iAMP,dbAMP_08943,TRUE,NA
iAMP,dbAMP_02857,TRUE,NA
iAMP,dbAMP_00045,TRUE,NA
iAMP,dbAMP_00600,TRUE,NA
iAMP,dbAMP_04521,TRUE,NA
iAMP,dbAMP_10713,TRUE,NA
iAMP,dbAMP_00311,TRUE,NA
iAMP,dbAMP_05643,TRUE,NA
iAMP,dbAMP_05777,TRUE,NA
iAMP,dbAMP_01650,TRUE,NA
iAMP,dbAMP_02772,TRUE,NA
iAMP,dbAMP_09705,TRUE,NA
iAMP,dbAMP_02838,TRUE,NA
iAMP,dbAMP_12385,TRUE,NA
iAMP,dbAMP_01287,TRUE,NA
iAMP,dbAMP_00043,TRUE,NA
iAMP,dbAMP_09573,TRUE,NA
iAMP,dbAMP_10661,TRUE,NA
iAMP,dbAMP_09350,TRUE,NA
iAMP,dbAMP_12368,TRUE,NA
iAMP,dbAMP_05768,TRUE,NA
iAMP,dbAMP_00286,TRUE,NA
iAMP,dbAMP_09349,TRUE,NA
iAMP,dbAMP_09320,TRUE,NA
iAMP,dbAMP_05609,TRUE,NA
iAMP,dbAMP_00731,TRUE,NA
iAMP,dbAMP_06151,TRUE,NA
iAMP,dbAMP_09026,TRUE,NA
iAMP,dbAMP_04958,TRUE,NA
iAMP,dbAMP_06081,TRUE,NA
iAMP,dbAMP_06789,TRUE,NA
iAMP,dbAMP_02521,TRUE,NA
iAMP,dbAMP_00436,TRUE,NA
iAMP,dbAMP_12370,TRUE,NA
iAMP,CUTTED2334,TRUE,NA
iAMP,CUTTED970,TRUE,NA
iAMP,CUTTED1749,TRUE,NA
iAMP,CUTTED232,TRUE,NA
iAMP,CUTTED2147,TRUE,NA
iAMP,CUTTED805,TRUE,NA
iAMP,CUTTED266,TRUE,NA
iAMP,CUTTED2166,TRUE,NA
iAMP,CUTTED1592,TRUE,NA
iAMP,CUTTED858,TRUE,NA
iAMP,CUTTED1189,TRUE,NA
iAMP,CUTTED2091,TRUE,NA
iAMP,CUTTED718,TRUE,NA
iAMP,CUTTED953,TRUE,NA
iAMP,CUTTED2199,TRUE,NA
iAMP,CUTTED375,TRUE,NA
iAMP,CUTTED392,TRUE,NA
iAMP,CUTTED2343,TRUE,NA
iAMP,CUTTED2225,TRUE,NA
iAMP,CUTTED1944,TRUE,NA
iAMP,CUTTED348,TRUE,NA
iAMP,CUTTED645,TRUE,NA
iAMP,CUTTED752,TRUE,NA
iAMP,CUTTED637,TRUE,NA
iAMP,CUTTED1049,TRUE,NA
iAMP,CUTTED1732,TRUE,NA
iAMP,CUTTED837,TRUE,NA
iAMP,CUTTED41,TRUE,NA
iAMP,CUTTED477,TRUE,NA
iAMP,CUTTED121,TRUE,NA
iAMP,CUTTED1547,TRUE,NA
iAMP,CUTTED1299,TRUE,NA
iAMP,CUTTED2023,TRUE,NA
iAMP,CUTTED245,TRUE,NA
iAMP,CUTTED2246,TRUE,NA
iAMP,CUTTED2010,TRUE,NA
iAMP,CUTTED2357,TRUE,NA
iAMP,CUTTED2005,TRUE,NA
iAMP,CUTTED2046,TRUE,NA
iAMP,CUTTED108,TRUE,NA
iAMP,dbAMP_05035,TRUE,NA
iAMP,CUTTED1043,TRUE,NA
iAMP,dbAMP_02655,TRUE,NA
iAMP,dbAMP_02997,TRUE,NA
iAMP,dbAMP_02187,TRUE,NA
iAMP,dbAMP_04457,TRUE,NA
iAMP,dbAMP_02326,TRUE,NA
iAMP,dbAMP_04799,TRUE,NA
iAMP,dbAMP_02596,TRUE,NA
iAMP,dbAMP_01821,TRUE,NA
iAMP,dbAMP_10563,TRUE,NA
iAMP,dbAMP_02708,TRUE,NA
iAMP,dbAMP_02129,TRUE,NA
iAMP,dbAMP_02825,TRUE,NA
iAMP,dbAMP_04382,TRUE,NA
iAMP,dbAMP_03640,TRUE,NA
iAMP,dbAMP_02082,TRUE,NA
iAMP,dbAMP_01657,TRUE,NA
iAMP,dbAMP_03792,TRUE,NA
iAMP,dbAMP_02242,TRUE,NA
iAMP,dbAMP_01654,TRUE,NA
iAMP,dbAMP_09730,TRUE,NA
iAMP,dbAMP_12355,TRUE,NA
iAMP,dbAMP_01914,TRUE,NA
iAMP,dbAMP_01704,TRUE,NA
iAMP,dbAMP_02053,TRUE,NA
iAMP,dbAMP_04237,TRUE,NA
iAMP,dbAMP_03101,TRUE,NA
iAMP,dbAMP_04183,TRUE,NA
iAMP,dbAMP_00369,TRUE,NA
iAMP,dbAMP_02786,TRUE,NA
iAMP,dbAMP_11288,TRUE,NA
iAMP,dbAMP_10739,TRUE,NA
iAMP,dbAMP_05788,TRUE,NA
iAMP,dbAMP_04986,TRUE,NA
iAMP,dbAMP_10790,TRUE,NA
iAMP,dbAMP_02872,TRUE,NA
iAMP,dbAMP_04006,TRUE,NA
iAMP,dbAMP_09669,TRUE,NA
iAMP,dbAMP_01096,TRUE,NA
iAMP,dbAMP_06032,TRUE,NA
iAMP,dbAMP_01397,TRUE,NA
iAMP,dbAMP_09824,TRUE,NA
iAMP,dbAMP_09761,TRUE,NA
iAMP,dbAMP_01030,TRUE,NA
iAMP,dbAMP_01071,TRUE,NA
iAMP,dbAMP_04410,TRUE,NA
iAMP,dbAMP_00446,TRUE,NA
iAMP,dbAMP_10931,TRUE,NA
iAMP,dbAMP_05344,TRUE,NA
iAMP,dbAMP_12270,TRUE,NA
iAMP,dbAMP_00701,TRUE,NA
iAMP,dbAMP_12225,TRUE,NA
iAMP,dbAMP_04869,TRUE,NA
iAMP,CUTTED288,TRUE,NA
iAMP,CUTTED1159,TRUE,NA
iAMP,CUTTED1448,TRUE,NA
iAMP,dbAMP_00124,TRUE,NA
iAMP,dbAMP_04904,TRUE,NA
iAMP,dbAMP_01658,TRUE,NA
iAMP,dbAMP_03163,TRUE,NA
iAMP,dbAMP_04830,TRUE,NA
iAMP,dbAMP_03274,TRUE,NA
iAMP,dbAMP_05248,FALSE,NA
iAMP,dbAMP_01263,FALSE,NA
iAMP,dbAMP_04121,FALSE,NA
iAMP,dbAMP_04358,FALSE,NA
iAMP,dbAMP_01227,FALSE,NA
iAMP,dbAMP_00502,FALSE,NA
iAMP,dbAMP_04980,FALSE,NA
iAMP,dbAMP_10018,FALSE,NA
iAMP,dbAMP_05096,FALSE,NA
iAMP,dbAMP_10199,FALSE,NA
iAMP,dbAMP_09967,FALSE,NA
iAMP,dbAMP_00571,FALSE,NA
iAMP,dbAMP_00696,FALSE,NA
iAMP,dbAMP_04096,FALSE,NA
iAMP,dbAMP_04117,FALSE,NA
iAMP,dbAMP_02728,FALSE,NA
iAMP,dbAMP_05294,FALSE,NA
iAMP,dbAMP_00438,FALSE,NA
iAMP,dbAMP_01501,FALSE,NA
iAMP,dbAMP_11722,FALSE,NA
iAMP,dbAMP_01265,FALSE,NA
iAMP,dbAMP_09060,FALSE,NA
iAMP,dbAMP_00174,FALSE,NA
iAMP,dbAMP_04424,FALSE,NA
iAMP,dbAMP_04328,FALSE,NA
iAMP,dbAMP_03879,FALSE,NA
iAMP,dbAMP_09029,FALSE,NA
iAMP,dbAMP_00247,FALSE,NA
iAMP,dbAMP_05296,FALSE,NA
iAMP,dbAMP_09925,FALSE,NA
iAMP,dbAMP_11928,FALSE,NA
iAMP,dbAMP_00973,FALSE,NA
iAMP,dbAMP_12376,FALSE,NA
iAMP,dbAMP_00132,FALSE,NA
iAMP,dbAMP_01647,FALSE,NA
iAMP,dbAMP_06811,FALSE,NA
iAMP,dbAMP_07790,FALSE,NA
iAMP,dbAMP_09002,FALSE,NA
iAMP,dbAMP_09347,FALSE,NA
iAMP,dbAMP_10071,FALSE,NA
iAMP,dbAMP_11549,FALSE,NA
iAMP,dbAMP_09451,FALSE,NA
iAMP,dbAMP_00585,FALSE,NA
iAMP,dbAMP_08936,FALSE,NA
iAMP,dbAMP_09258,FALSE,NA
iAMP,dbAMP_04054,FALSE,NA
iAMP,dbAMP_10093,FALSE,NA
iAMP,dbAMP_05267,FALSE,NA
iAMP,dbAMP_11143,FALSE,NA
iAMP,dbAMP_06507,FALSE,NA
iAMP,dbAMP_04511,FALSE,NA
iAMP,dbAMP_11215,FALSE,NA
iAMP,dbAMP_06264,FALSE,NA
iAMP,dbAMP_09715,FALSE,NA
iAMP,dbAMP_07242,FALSE,NA
iAMP,dbAMP_08928,FALSE,NA
iAMP,dbAMP_11141,FALSE,NA
iAMP,dbAMP_09078,FALSE,NA
iAMP,dbAMP_09043,FALSE,NA
iAMP,dbAMP_07432,FALSE,NA
iAMP,CUTTED257,FALSE,NA
iAMP,CUTTED577,FALSE,NA
iAMP,CUTTED1087,FALSE,NA
iAMP,CUTTED758,FALSE,NA
iAMP,CUTTED1739,FALSE,NA
iAMP,CUTTED125,FALSE,NA
iAMP,CUTTED1916,FALSE,NA
iAMP,CUTTED2319,FALSE,NA
iAMP,CUTTED176,FALSE,NA
iAMP,CUTTED1123,FALSE,NA
iAMP,CUTTED454,FALSE,NA
iAMP,CUTTED980,FALSE,NA
iAMP,CUTTED1385,FALSE,NA
iAMP,CUTTED1766,FALSE,NA
iAMP,CUTTED1659,FALSE,NA
iAMP,CUTTED1020,FALSE,NA
iAMP,CUTTED1689,FALSE,NA
iAMP,CUTTED2188,FALSE,NA
iAMP,CUTTED214,FALSE,NA
iAMP,CUTTED95,FALSE,NA
iAMP,CUTTED1373,FALSE,NA
iAMP,CUTTED1483,FALSE,NA
iAMP,CUTTED2390,FALSE,NA
iAMP,CUTTED1915,FALSE,NA
iAMP,CUTTED1348,FALSE,NA
iAMP,CUTTED1335,FALSE,NA
iAMP,CUTTED1079,FALSE,NA
iAMP,CUTTED333,FALSE,NA
iAMP,CUTTED864,FALSE,NA
iAMP,CUTTED1106,FALSE,NA
iAMP,CUTTED1273,FALSE,NA
iAMP,CUTTED696,FALSE,NA
iAMP,CUTTED46,FALSE,NA
iAMP,CUTTED842,FALSE,NA
iAMP,CUTTED1030,FALSE,NA
iAMP,CUTTED410,FALSE,NA
iAMP,CUTTED969,FALSE,NA
iAMP,CUTTED1731,FALSE,NA
iAMP,CUTTED2135,FALSE,NA
iAMP,CUTTED1208,FALSE,NA
iAMP,CUTTED1298,FALSE,NA
iAMP,CUTTED426,FALSE,NA
iAMP,CUTTED850,FALSE,NA
iAMP,CUTTED1747,FALSE,NA
iAMP,CUTTED515,FALSE,NA
iAMP,CUTTED2063,FALSE,NA
iAMP,CUTTED2203,FALSE,NA
iAMP,CUTTED1065,FALSE,NA
iAMP,CUTTED749,FALSE,NA
iAMP,CUTTED1146,FALSE,NA
iAMP,CUTTED690,FALSE,NA
iAMP,CUTTED1282,FALSE,NA
iAMP,CUTTED1276,FALSE,NA
iAMP,CUTTED2067,FALSE,NA
iAMP,CUTTED2048,FALSE,NA
iAMP,CUTTED651,FALSE,NA
iAMP,CUTTED1847,FALSE,NA
iAMP,CUTTED1992,FALSE,NA
iAMP,CUTTED1321,FALSE,NA
iAMP,CUTTED1644,FALSE,NA
iAMP,CUTTED92,FALSE,NA
iAMP,CUTTED275,FALSE,NA
iAMP,CUTTED309,FALSE,NA
iAMP,CUTTED644,FALSE,NA
iAMP,CUTTED385,FALSE,NA
iAMP,CUTTED286,FALSE,NA
iAMP,CUTTED1688,FALSE,NA
iAMP,CUTTED1356,FALSE,NA
iAMP,CUTTED244,FALSE,NA
iAMP,CUTTED489,FALSE,NA
iAMP,CUTTED677,FALSE,NA
iAMP,CUTTED1493,FALSE,NA
iAMP,CUTTED1066,FALSE,NA
iAMP,CUTTED1637,FALSE,NA
iAMP,CUTTED2383,FALSE,NA
iAMP,CUTTED788,FALSE,NA
iAMP,CUTTED548,FALSE,NA
iAMP,CUTTED1776,FALSE,NA
iAMP,CUTTED423,FALSE,NA
iAMP,CUTTED1812,FALSE,NA
iAMP,CUTTED2227,FALSE,NA
iAMP,CUTTED2396,FALSE,NA
iAMP,CUTTED293,FALSE,NA
iAMP,CUTTED280,FALSE,NA
iAMP,CUTTED172,FALSE,NA
iAMP,CUTTED2079,FALSE,NA
iAMP,CUTTED1399,FALSE,NA
iAMP,CUTTED389,FALSE,NA
iAMP,CUTTED972,FALSE,NA
iAMP,CUTTED2194,FALSE,NA
iAMP,CUTTED2123,FALSE,NA
iAMP,CUTTED1643,FALSE,NA
iAMP,CUTTED1075,FALSE,NA
iAMP,CUTTED2093,FALSE,NA
iAMP,CUTTED871,FALSE,NA
iAMP,CUTTED1614,FALSE,NA
iAMP,CUTTED2232,FALSE,NA
iAMP,CUTTED1861,FALSE,NA
iAMP,CUTTED1297,FALSE,NA
iAMP,CUTTED1463,FALSE,NA
iAMP,CUTTED895,FALSE,NA
iAMP,CUTTED1324,FALSE,NA
iAMP,CUTTED713,FALSE,NA
iAMP,CUTTED2153,FALSE,NA
iAMP,CUTTED1718,FALSE,NA
iAMP,CUTTED1443,FALSE,NA
iAMP,CUTTED338,FALSE,NA
iAMP,CUTTED602,FALSE,NA
iAMP,CUTTED1957,FALSE,NA
iAMP,CUTTED894,FALSE,NA
iAMP,CUTTED421,FALSE,NA
iAMP,CUTTED2271,FALSE,NA
iAMP,CUTTED404,FALSE,NA
iAMP,CUTTED2450,FALSE,NA
iAMP,CUTTED1833,FALSE,NA
iAMP,CUTTED1366,FALSE,NA
iAMP,CUTTED2150,FALSE,NA
iAMP,CUTTED2262,FALSE,NA
iAMP,CUTTED1408,FALSE,NA
iAMP,CUTTED1091,FALSE,NA
iAMP,CUTTED308,FALSE,NA
iAMP,CUTTED2122,FALSE,NA
iAMP,CUTTED1099,FALSE,NA
iAMP,CUTTED1818,FALSE,NA
iAMP,CUTTED13,FALSE,NA
iAMP,CUTTED869,FALSE,NA
iAMP,CUTTED1464,FALSE,NA
iAMP,CUTTED501,FALSE,NA
iAMP,CUTTED253,FALSE,NA
iAMP,CUTTED1546,FALSE,NA
iAMP,CUTTED1177,FALSE,NA
iAMP,CUTTED2241,FALSE,NA
iAMP,CUTTED1700,FALSE,NA
iAMP,CUTTED2315,FALSE,NA
iAMP,CUTTED755,FALSE,NA
iAMP,CUTTED1906,FALSE,NA
iAMP,CUTTED2084,FALSE,NA
iAMP,CUTTED2041,FALSE,NA
iAMP,CUTTED1402,FALSE,NA
iAMP,CUTTED2314,FALSE,NA
iAMP,CUTTED1617,FALSE,NA
iAMP,CUTTED402,FALSE,NA
iAMP,CUTTED461,FALSE,NA
iAMP,CUTTED2031,FALSE,NA
iAMP,CUTTED2016,FALSE,NA
iAMP,CUTTED117,FALSE,NA
iAMP,CUTTED1800,FALSE,NA
iAMP,CUTTED1719,FALSE,NA
iAMP,CUTTED1953,FALSE,NA
iAMP,CUTTED1218,FALSE,NA
iAMP,CUTTED613,FALSE,NA
iAMP,CUTTED2323,FALSE,NA
iAMP,CUTTED1103,FALSE,NA
iAMP,CUTTED195,FALSE,NA
iAMP,CUTTED615,FALSE,NA
iAMP,CUTTED2413,FALSE,NA
iAMP,CUTTED1326,FALSE,NA
iAMP,CUTTED1454,FALSE,NA
iAMP,CUTTED191,FALSE,NA
iAMP,CUTTED965,FALSE,NA
iAMP,CUTTED1462,FALSE,NA
iAMP,CUTTED744,FALSE,NA
iAMP,CUTTED173,FALSE,NA
iAMP,CUTTED841,FALSE,NA
iAMP,CUTTED110,FALSE,NA
iAMP,CUTTED893,FALSE,NA
iAMP,CUTTED1235,FALSE,NA
iAMP,CUTTED2081,FALSE,NA
iAMP,CUTTED1851,FALSE,NA
iAMP,CUTTED2409,FALSE,NA
iAMP,CUTTED2116,FALSE,NA
iAMP,CUTTED1683,FALSE,NA
iAMP,CUTTED561,FALSE,NA
iAMP,CUTTED2174,FALSE,NA
iAMP,CUTTED364,FALSE,NA
iAMP,CUTTED10,FALSE,NA
iAMP,CUTTED2391,FALSE,NA
iAMP,CUTTED1761,FALSE,NA
iAMP,CUTTED2028,FALSE,NA
iAMP,CUTTED1152,FALSE,NA
iAMP,CUTTED2433,FALSE,NA
iAMP,CUTTED164,FALSE,NA
iAMP,CUTTED405,FALSE,NA
iAMP,CUTTED111,FALSE,NA
iAMP,CUTTED771,FALSE,NA
iAMP,CUTTED791,FALSE,NA
iAMP,CUTTED1002,FALSE,NA
iAMP,CUTTED263,FALSE,NA
iAMP,CUTTED2234,FALSE,NA
iAMP,CUTTED1891,FALSE,NA
iAMP,CUTTED1875,FALSE,NA
iAMP,CUTTED777,FALSE,NA
iAMP,CUTTED2365,FALSE,NA
iAMP,CUTTED521,FALSE,NA
iAMP,CUTTED941,FALSE,NA
iAMP,CUTTED9,FALSE,NA
iAMP,CUTTED963,FALSE,NA
iAMP,CUTTED1814,FALSE,NA
iAMP,CUTTED1496,FALSE,NA
iAMP,CUTTED1633,FALSE,NA
iAMP,CUTTED876,FALSE,NA
iAMP,CUTTED1201,FALSE,NA
iAMP,CUTTED774,FALSE,NA
